country,victims_12m,gdp_usd,victims_per_100bn_gdp
AD,2,4044249678.65625,49.45293092449534
AE,81,552324919095.872,14.665280743188793
AG,1,2162366666.66667,46.24562593454696
AI,1,,
AL,2,27037474263.2977,7.397140651983609
AM,2,25955275380.0321,7.705562629239677
AO,2,103080538044.058,1.9402304624614721
AR,108,638365455340.04,16.918208699509172
AT,65,534790720466.822,12.154287184201907
AU,170,1757022451652.83,9.675459743845678
AZ,1,74426000000.0,1.3436164781124875
BA,3,29737363103.0492,10.088318825055431
BB,4,7597571450.0,52.64840253657634
BD,10,450119432068.852,2.2216325907188033
BE,47,670983130618.828,7.004647040329208
BG,17,113349149166.793,14.997907020002895
BH,4,47210732712.766,8.472649692467877
BM,1,9194499000.0,10.876068396983891
BO,8,54881327452.9667,14.576906884870816
BR,229,2185821610689.31,10.47660975077393
BS,6,15832800000.0,37.896013339396696
BT,1,3346603858.7495,29.881038874247352
BW,3,19286251067.5078,15.555122607805316
BZ,2,3203631800.0,62.42914682018077
CA,356,2270076189683.46,15.682293026897954
CD,1,75716176105.0704,1.3207217419594888
CH,103,969919786394.884,10.619434869232117
CI,2,87113179149.284,2.295863863001306
CL,44,329260633698.726,13.363273800979217
CM,1,53296694320.2057,1.876288975807797
CN,61,18729668435848.0,0.32568649150909634
CO,63,420504033143.211,14.982020393260795
CR,5,96715644330.6612,5.169794436674066
CY,7,37634551820.7367,18.599929217552123
CZ,51,347082562221.377,14.693910196350071
DE,479,4685592577804.69,10.222826505850893
DK,29,424524722037.047,6.831168715180091
DO,12,124282245638.568,9.655441884191452
DZ,3,269322281664.773,1.1139070935594246
EC,11,123802374000.0,8.885128487116086
EE,2,43130419829.35,4.637098381868779
EG,37,389059910593.1,9.510103455171102
ES,212,1725671652742.19,12.28507170892678
ET,2,149740297952.375,1.3356457996604905
FI,28,298729432711.719,9.373030218626186
FJ,1,5968125909.27126,16.755678670360112
FR,271,3160442622465.08,8.574748298661584
GA,3,20895684425.6752,14.357031523283359
GB,405,3695539513534.15,10.95915761465332
GE,3,34189423333.141,8.774643464348799
GH,8,83288585604.0268,9.60515770796475
GR,18,256238371778.118,7.024709014146627
GT,7,113215575150.885,6.182894880559446
HK,56,408368682415.423,13.713098582577555
HN,2,36980171442.0603,5.408303753089828
HR,10,92981894167.9687,10.75478198146333
HT,2,24255657481.2502,8.245499020366752
HU,15,222848211034.367,6.731039002007849
ID,59,1396301788461.69,4.2254475706860255
IE,24,609157459747.205,3.939868028532359
IL,45,542284494490.778,8.298227306361838
IN,204,3760813470500.86,5.4243583628951315
IQ,4,279641257615.385,1.4304040949141876
IR,15,475252089215.416,3.156219686432772
IS,3,33186621855.0053,9.039787216388618
IT,280,2383435562458.12,11.747747848119975
JM,6,22014429050.9995,27.25485174337323
JO,6,58618380563.3803,10.23569730574966
JP,145,4190008188358.57,3.4606137621130415
KE,11,120397537849.826,9.1363994616904
KH,3,46352647037.2406,6.472122288053458
KR,68,1875388209406.8,3.625915938839614
KW,7,160903106639.233,4.350444280541437
KZ,2,291480274648.826,0.686152777373903
LA,4,16502933121.3379,24.238115555519613
LB,4,25971643441.3408,15.401412733215537
LK,8,99616111265.7633,8.030829449522479
LS,1,2391282547.80028,41.81856305186065
LT,4,85503938573.5664,4.678147073375404
LU,4,93279851863.4062,4.288171475505103
LV,2,44001275012.6141,4.545322833092106
LY,2,48487151215.345,4.124804097311142
MA,18,160610994054.734,11.20720291032247
MD,5,18206842140.7615,27.46220328239126
ME,1,8274290505.96367,12.08562836027153
MG,2,17592832696.1336,11.36826589864373
MK,3,16951682221.3962,17.697358650420178
ML,1,26761281076.7658,3.736741888893361
MM,7,74068349523.8095,9.450730365943727
MO,2,49467258923.3244,4.043078277492704
MS,1,,
MT,4,25042712191.3281,15.972710820775786
MU,4,14938055690.3609,26.777246536716856
MV,1,7061608267.25451,14.161080056466954
MX,148,1830489311088.89,8.085269829407544
MY,81,422227005428.688,19.183993197630862
MZ,1,22752244245.473,4.3951708201223685
NA,4,13641190683.4641,29.322953492973415
NE,1,19729786046.7618,5.068478683093107
NG,12,252261880140.271,4.756961294876326
NI,1,19696311850.3289,5.077092643531136
NL,63,1213936238063.28,5.18972891858888
NO,16,500886328034.123,3.194337538178921
NZ,17,261497198363.906,6.5010256730714095
OM,10,107137198699.61,9.333826272644929
PA,9,86523959100.0,10.401743162952421
PE,43,291751523018.903,14.738569161544348
PG,2,30803971189.4102,6.492669362992914
PH,51,461671157904.74,11.046823940975582
PK,16,371747087751.306,4.304001437316919
PL,66,917767106146.761,7.191366911928295
PR,10,126029527033.705,7.934648518775784
PS,4,16016900000.0,24.973621612172142
PT,41,313656884870.859,13.071608492471258
PY,12,44738819362.3269,26.822343930928156
QA,11,216294505494.505,5.085658544516036
RE,1,,
RO,30,382564217988.866,7.841820690316915
RS,6,90088366320.4062,6.66012743383595
RU,34,2186462268813.08,1.5550234040149653
SA,32,1254140800000.0,2.551547641221783
SC,1,2228608684.29911,44.87104474846362
SE,60,604827393488.582,9.920185601040023
SG,84,572877260178.427,14.662826723797268
SI,8,72972015197.3859,10.9631068545392
SJ,7,,
SK,11,140934076532.375,7.805067639176044
SN,5,32169996051.8502,15.542432743669652
SO,1,11967000000.0,8.356313194618535
SV,2,34879730000.0,5.733989339940418
TC,2,1745378000.0,114.58835851030551
TH,114,529385520941.539,21.534400827065543
TL,1,1865608515.41321,53.601813656951066
TN,9,51412122479.8468,17.50559900250751
TO,1,647488243.847291,154.44295854054891
TR,104,1359123768774.12,7.651988905602335
TT,3,25633544529.4849,11.703414627459185
TW,103,,
TZ,4,79235713444.9777,5.048228666203215
UA,6,190833835445.1,3.144096530893291
UG,1,53911907079.0485,1.854877807482764
US,4051,29298013000000.0,13.826876245839609
UY,11,82322859144.2816,13.362023761493825
UZ,1,121356065241.228,0.8240214430257191
Unknown,618,,
VA,1,,
VE,15,120566112397.063,12.441306849639618
VN,39,476324572783.807,8.187694321976796
WS,3,1175749785.65113,255.1563297405664
YE,2,,
YT,1,,
ZA,51,401144998373.585,12.713607350652762
ZM,2,25303185342.2511,7.904143185721414
ZW,2,41521975830.2351,4.81672646835765
