month,country,victims
2023-01,AE,1
2023-01,AT,3
2023-01,AU,7
2023-01,BE,2
2023-01,BR,1
2023-01,CA,2
2023-01,CH,1
2023-01,CO,2
2023-01,DE,4
2023-01,EC,1
2023-01,ES,2
2023-01,FR,3
2023-01,GB,11
2023-01,IT,2
2023-01,JP,1
2023-01,MV,1
2023-01,MX,2
2023-01,MY,1
2023-01,NL,2
2023-01,PH,1
2023-01,PT,3
2023-01,SA,2
2023-01,SE,1
2023-01,SG,1
2023-01,SN,1
2023-01,TH,2
2023-01,TR,1
2023-01,TW,2
2023-01,US,8
2023-01,Unknown,73
2023-01,VE,1
2023-02,AE,1
2023-02,AR,2
2023-02,AU,4
2023-02,BE,2
2023-02,BR,5
2023-02,CA,4
2023-02,CH,1
2023-02,CN,1
2023-02,CO,1
2023-02,CR,1
2023-02,DE,5
2023-02,DM,1
2023-02,ES,1
2023-02,FR,4
2023-02,GB,4
2023-02,GR,1
2023-02,ID,4
2023-02,IL,1
2023-02,IN,3
2023-02,IR,1
2023-02,IT,6
2023-02,JO,1
2023-02,JP,4
2023-02,KW,1
2023-02,LU,1
2023-02,MX,2
2023-02,MY,1
2023-02,PT,1
2023-02,RO,1
2023-02,RS,1
2023-02,SG,1
2023-02,TH,2
2023-02,TO,1
2023-02,TW,1
2023-02,US,18
2023-02,Unknown,129
2023-02,VN,2
2023-02,ZA,1
2023-03,AE,3
2023-03,AR,4
2023-03,AT,1
2023-03,AU,6
2023-03,BD,1
2023-03,BR,4
2023-03,CA,12
2023-03,CL,1
2023-03,CN,1
2023-03,CO,1
2023-03,CZ,3
2023-03,DE,13
2023-03,DK,1
2023-03,DZ,1
2023-03,EE,1
2023-03,ES,6
2023-03,FI,2
2023-03,FR,11
2023-03,GB,18
2023-03,HU,1
2023-03,ID,3
2023-03,IN,10
2023-03,IT,6
2023-03,JP,3
2023-03,KE,1
2023-03,KN,1
2023-03,KR,1
2023-03,LC,1
2023-03,LU,1
2023-03,MX,2
2023-03,MY,2
2023-03,NL,2
2023-03,NO,1
2023-03,PE,2
2023-03,PH,2
2023-03,PK,1
2023-03,PL,2
2023-03,SA,1
2023-03,SE,1
2023-03,SK,1
2023-03,TH,1
2023-03,TR,3
2023-03,TW,2
2023-03,UG,1
2023-03,US,48
2023-03,Unknown,239
2023-03,VC,1
2023-03,VE,1
2023-03,VN,1
2023-03,ZA,4
2023-04,AO,1
2023-04,AR,1
2023-04,AT,1
2023-04,AU,4
2023-04,BE,2
2023-04,BR,4
2023-04,CA,9
2023-04,CH,2
2023-04,CL,3
2023-04,CN,1
2023-04,CO,1
2023-04,CY,1
2023-04,CZ,1
2023-04,DE,7
2023-04,EG,1
2023-04,ES,2
2023-04,FR,10
2023-04,GB,3
2023-04,HK,2
2023-04,HR,1
2023-04,ID,1
2023-04,IE,1
2023-04,IL,1
2023-04,IN,4
2023-04,IT,5
2023-04,JO,1
2023-04,JP,6
2023-04,KW,1
2023-04,KZ,1
2023-04,LU,1
2023-04,MA,1
2023-04,MK,1
2023-04,MY,5
2023-04,NL,2
2023-04,NO,1
2023-04,OM,1
2023-04,PE,1
2023-04,PH,3
2023-04,PL,2
2023-04,RO,2
2023-04,SE,2
2023-04,TH,1
2023-04,US,37
2023-04,Unknown,168
2023-04,VE,1
2023-04,VN,2
2023-05,AE,1
2023-05,AO,1
2023-05,AT,3
2023-05,AU,5
2023-05,BO,1
2023-05,BR,5
2023-05,CA,8
2023-05,CH,4
2023-05,CL,3
2023-05,CN,1
2023-05,CO,2
2023-05,DE,12
2023-05,DK,2
2023-05,EC,1
2023-05,ES,5
2023-05,FR,8
2023-05,GB,11
2023-05,HU,1
2023-05,ID,3
2023-05,IN,1
2023-05,IT,6
2023-05,JM,1
2023-05,LK,1
2023-05,LT,1
2023-05,MA,1
2023-05,MX,6
2023-05,MY,1
2023-05,NA,1
2023-05,NL,2
2023-05,NZ,1
2023-05,PH,1
2023-05,PL,2
2023-05,PT,1
2023-05,PY,1
2023-05,SE,2
2023-05,SG,1
2023-05,SK,1
2023-05,TR,1
2023-05,TT,1
2023-05,TW,2
2023-05,UA,1
2023-05,US,30
2023-05,UY,1
2023-05,Unknown,195
2023-05,WS,1
2023-05,ZA,4
2023-06,AR,2
2023-06,AT,5
2023-06,AU,5
2023-06,BD,1
2023-06,BE,1
2023-06,BH,1
2023-06,BR,13
2023-06,CA,9
2023-06,CH,7
2023-06,CL,1
2023-06,CN,2
2023-06,CO,2
2023-06,CZ,4
2023-06,DE,6
2023-06,DO,1
2023-06,ES,5
2023-06,FR,8
2023-06,GB,10
2023-06,HU,1
2023-06,ID,1
2023-06,IE,2
2023-06,IN,8
2023-06,IS,1
2023-06,IT,6
2023-06,JP,4
2023-06,LU,2
2023-06,MQ,1
2023-06,MY,1
2023-06,NI,1
2023-06,NL,5
2023-06,NO,1
2023-06,OM,1
2023-06,PA,1
2023-06,PE,1
2023-06,PL,2
2023-06,PT,1
2023-06,SE,4
2023-06,SG,2
2023-06,SK,1
2023-06,TD,1
2023-06,TH,2
2023-06,US,36
2023-06,Unknown,223
2023-06,ZA,4
2023-07,AE,2
2023-07,AO,3
2023-07,AR,3
2023-07,AU,16
2023-07,BD,1
2023-07,BE,3
2023-07,BR,6
2023-07,BZ,1
2023-07,CA,10
2023-07,CH,3
2023-07,CL,2
2023-07,CM,1
2023-07,CN,6
2023-07,CO,2
2023-07,CU,2
2023-07,DE,10
2023-07,DO,1
2023-07,EG,3
2023-07,ES,8
2023-07,FJ,1
2023-07,FR,9
2023-07,GB,22
2023-07,GT,2
2023-07,HK,1
2023-07,HR,1
2023-07,HU,1
2023-07,ID,3
2023-07,IE,2
2023-07,IL,1
2023-07,IN,10
2023-07,IR,1
2023-07,IT,15
2023-07,JO,2
2023-07,JP,4
2023-07,KE,2
2023-07,LB,1
2023-07,LY,1
2023-07,MU,2
2023-07,MX,7
2023-07,MY,1
2023-07,NA,2
2023-07,NG,1
2023-07,NL,6
2023-07,NO,1
2023-07,OM,1
2023-07,PA,1
2023-07,PE,1
2023-07,PH,2
2023-07,PK,1
2023-07,PL,1
2023-07,PS,1
2023-07,PT,1
2023-07,SE,2
2023-07,SG,2
2023-07,TH,3
2023-07,TN,1
2023-07,TR,1
2023-07,TW,1
2023-07,TZ,1
2023-07,US,57
2023-07,Unknown,447
2023-07,VE,1
2023-07,VN,1
2023-07,ZA,1
2023-08,AE,2
2023-08,AR,3
2023-08,AT,2
2023-08,AU,9
2023-08,BE,3
2023-08,BF,1
2023-08,BG,2
2023-08,BH,1
2023-08,BR,4
2023-08,BS,2
2023-08,CA,7
2023-08,CH,4
2023-08,CM,1
2023-08,CN,1
2023-08,CO,1
2023-08,DE,16
2023-08,DO,1
2023-08,ES,2
2023-08,FR,14
2023-08,GB,14
2023-08,GN,1
2023-08,GT,2
2023-08,ID,3
2023-08,IL,2
2023-08,IN,7
2023-08,IR,5
2023-08,IT,8
2023-08,JM,1
2023-08,JP,4
2023-08,KR,2
2023-08,LK,2
2023-08,LT,1
2023-08,ML,1
2023-08,MX,5
2023-08,MY,1
2023-08,NL,1
2023-08,NO,1
2023-08,PA,1
2023-08,PE,1
2023-08,PT,3
2023-08,QA,2
2023-08,RS,1
2023-08,SE,1
2023-08,SG,1
2023-08,SY,1
2023-08,TH,6
2023-08,TN,1
2023-08,TR,3
2023-08,TW,2
2023-08,TZ,1
2023-08,US,36
2023-08,UY,1
2023-08,Unknown,216
2023-08,ZA,4
2023-09,AE,1
2023-09,AG,1
2023-09,AO,2
2023-09,AR,1
2023-09,AT,1
2023-09,AU,13
2023-09,BE,3
2023-09,BG,16
2023-09,BR,8
2023-09,CA,10
2023-09,CH,2
2023-09,CL,1
2023-09,CN,1
2023-09,DE,11
2023-09,DK,2
2023-09,ES,1
2023-09,FR,8
2023-09,GB,18
2023-09,ID,1
2023-09,IL,3
2023-09,IN,5
2023-09,IT,7
2023-09,JM,1
2023-09,JP,3
2023-09,KW,1
2023-09,MA,2
2023-09,MC,1
2023-09,MX,5
2023-09,MY,1
2023-09,NL,3
2023-09,NZ,2
2023-09,PH,2
2023-09,PL,3
2023-09,PT,1
2023-09,RO,2
2023-09,RU,1
2023-09,SA,2
2023-09,SE,1
2023-09,SG,2
2023-09,SK,1
2023-09,TH,2
2023-09,TR,3
2023-09,US,55
2023-09,UY,1
2023-09,Unknown,283
2023-09,VN,2
2023-09,ZA,1
2023-10,AE,1
2023-10,AR,2
2023-10,AT,1
2023-10,AU,7
2023-10,AX,1
2023-10,BE,5
2023-10,BG,2
2023-10,BR,9
2023-10,CA,9
2023-10,CL,2
2023-10,CN,1
2023-10,CO,1
2023-10,CZ,1
2023-10,DE,3
2023-10,DK,1
2023-10,DO,1
2023-10,ES,3
2023-10,FI,1
2023-10,FR,8
2023-10,GB,24
2023-10,GT,1
2023-10,HU,1
2023-10,ID,1
2023-10,IE,1
2023-10,IN,3
2023-10,IR,4
2023-10,IS,1
2023-10,IT,13
2023-10,JP,3
2023-10,KW,1
2023-10,MM,1
2023-10,MX,4
2023-10,MY,1
2023-10,NL,5
2023-10,NO,3
2023-10,PE,1
2023-10,PL,1
2023-10,PR,1
2023-10,PT,1
2023-10,RO,1
2023-10,SA,2
2023-10,SG,2
2023-10,SK,1
2023-10,SN,1
2023-10,TH,2
2023-10,TT,1
2023-10,TW,2
2023-10,US,57
2023-10,Unknown,191
2023-10,VC,1
2023-10,ZA,2
2023-11,AT,2
2023-11,AU,9
2023-11,BE,5
2023-11,BR,7
2023-11,CA,19
2023-11,CH,2
2023-11,CN,1
2023-11,CO,1
2023-11,CZ,1
2023-11,DE,19
2023-11,DK,3
2023-11,EC,1
2023-11,ES,8
2023-11,FI,1
2023-11,FR,12
2023-11,GB,20
2023-11,GR,1
2023-11,ID,2
2023-11,IL,1
2023-11,IN,5
2023-11,IT,15
2023-11,JP,3
2023-11,LU,1
2023-11,MV,1
2023-11,MX,3
2023-11,MY,4
2023-11,NA,1
2023-11,NL,7
2023-11,NO,1
2023-11,PA,1
2023-11,PH,4
2023-11,PK,1
2023-11,PL,2
2023-11,PT,1
2023-11,QA,1
2023-11,RO,2
2023-11,SA,1
2023-11,SE,2
2023-11,SG,2
2023-11,SI,1
2023-11,TH,3
2023-11,TW,3
2023-11,US,94
2023-11,UY,1
2023-11,Unknown,226
2023-11,VN,1
2023-11,ZA,1
2023-12,AE,1
2023-12,AR,3
2023-12,AU,11
2023-12,BE,3
2023-12,BR,2
2023-12,CA,14
2023-12,CH,3
2023-12,CL,1
2023-12,CR,1
2023-12,CY,1
2023-12,CZ,1
2023-12,DE,13
2023-12,DK,3
2023-12,EG,2
2023-12,ES,3
2023-12,FR,7
2023-12,GB,19
2023-12,HK,1
2023-12,IE,1
2023-12,IL,32
2023-12,IN,2
2023-12,IT,4
2023-12,JO,1
2023-12,JP,3
2023-12,KE,2
2023-12,KN,1
2023-12,LU,2
2023-12,MA,1
2023-12,MK,1
2023-12,MX,4
2023-12,MY,1
2023-12,NI,2
2023-12,NL,5
2023-12,PA,1
2023-12,PE,1
2023-12,PH,1
2023-12,PT,1
2023-12,QA,2
2023-12,RO,1
2023-12,RS,2
2023-12,RU,13
2023-12,SE,2
2023-12,SG,5
2023-12,TH,1
2023-12,TR,2
2023-12,TT,1
2023-12,TW,1
2023-12,US,78
2023-12,UZ,1
2023-12,Unknown,264
2023-12,VN,3
2023-12,ZA,2
2024-01,AE,2
2024-01,AT,1
2024-01,AU,5
2024-01,BE,4
2024-01,BR,6
2024-01,CA,14
2024-01,CH,3
2024-01,CN,1
2024-01,CR,1
2024-01,CY,1
2024-01,DE,5
2024-01,DK,1
2024-01,ES,4
2024-01,FR,17
2024-01,GB,13
2024-01,HU,1
2024-01,ID,2
2024-01,IE,1
2024-01,IL,2
2024-01,IN,4
2024-01,IS,1
2024-01,IT,7
2024-01,JP,2
2024-01,MX,3
2024-01,MY,2
2024-01,NL,1
2024-01,NO,3
2024-01,NZ,4
2024-01,PE,1
2024-01,RO,1
2024-01,SA,2
2024-01,SE,5
2024-01,SG,1
2024-01,TH,4
2024-01,TR,1
2024-01,TW,4
2024-01,US,159
2024-01,ZA,3
2024-02,AE,6
2024-02,AR,6
2024-02,AT,3
2024-02,AU,7
2024-02,BD,1
2024-02,BE,4
2024-02,BO,1
2024-02,BR,3
2024-02,BS,1
2024-02,CA,16
2024-02,CH,8
2024-02,CI,1
2024-02,CL,3
2024-02,CO,2
2024-02,CY,1
2024-02,DE,10
2024-02,EC,1
2024-02,EG,1
2024-02,ES,11
2024-02,FR,15
2024-02,GB,21
2024-02,HR,1
2024-02,ID,2
2024-02,IE,4
2024-02,IN,5
2024-02,IT,14
2024-02,JP,1
2024-02,LB,1
2024-02,LU,1
2024-02,MX,4
2024-02,MY,2
2024-02,NL,7
2024-02,NZ,2
2024-02,PA,1
2024-02,PE,1
2024-02,PL,4
2024-02,PT,1
2024-02,RO,3
2024-02,SA,1
2024-02,SE,6
2024-02,SG,2
2024-02,SK,1
2024-02,TH,4
2024-02,TL,1
2024-02,TN,2
2024-02,TT,1
2024-02,TW,3
2024-02,US,204
2024-02,UZ,1
2024-02,VE,1
2024-02,VN,2
2024-02,ZA,2
2024-03,AE,2
2024-03,AR,1
2024-03,AT,2
2024-03,AU,7
2024-03,BD,1
2024-03,BE,6
2024-03,BG,1
2024-03,BM,1
2024-03,BR,5
2024-03,BZ,1
2024-03,CA,26
2024-03,CH,2
2024-03,CN,6
2024-03,CO,2
2024-03,CZ,1
2024-03,DE,25
2024-03,DK,1
2024-03,EG,2
2024-03,ES,7
2024-03,FR,1
2024-03,GB,27
2024-03,HK,1
2024-03,HN,1
2024-03,ID,4
2024-03,IN,7
2024-03,IR,2
2024-03,IT,8
2024-03,JP,3
2024-03,KR,1
2024-03,LB,2
2024-03,MK,1
2024-03,MX,7
2024-03,MY,3
2024-03,NA,1
2024-03,NL,3
2024-03,NO,1
2024-03,NZ,3
2024-03,PE,1
2024-03,PK,1
2024-03,PL,4
2024-03,PT,1
2024-03,RO,1
2024-03,RU,1
2024-03,SA,1
2024-03,SE,5
2024-03,SG,3
2024-03,SK,1
2024-03,TH,1
2024-03,TN,2
2024-03,TR,1
2024-03,TV,2
2024-03,TW,1
2024-03,US,204
2024-03,Unknown,4
2024-03,ZA,2
2024-04,AE,2
2024-04,AT,2
2024-04,AU,12
2024-04,BE,2
2024-04,BR,15
2024-04,BY,1
2024-04,CA,31
2024-04,CH,4
2024-04,CN,1
2024-04,CO,2
2024-04,CW,1
2024-04,CZ,1
2024-04,DE,18
2024-04,DO,1
2024-04,EC,3
2024-04,ES,7
2024-04,FR,10
2024-04,GB,22
2024-04,HK,1
2024-04,HN,1
2024-04,HU,1
2024-04,ID,2
2024-04,IE,2
2024-04,IL,2
2024-04,IN,14
2024-04,IT,14
2024-04,JP,2
2024-04,KR,1
2024-04,LK,1
2024-04,LU,1
2024-04,MA,1
2024-04,ML,1
2024-04,MX,2
2024-04,MY,3
2024-04,NA,1
2024-04,NL,4
2024-04,NO,2
2024-04,OM,2
2024-04,PA,1
2024-04,PE,1
2024-04,PK,1
2024-04,PL,1
2024-04,PW,1
2024-04,RO,1
2024-04,SA,2
2024-04,SC,1
2024-04,SE,1
2024-04,SG,3
2024-04,SV,3
2024-04,TD,1
2024-04,TH,2
2024-04,TT,1
2024-04,TW,4
2024-04,US,244
2024-04,Unknown,168
2024-04,ZA,2
2024-05,AE,8
2024-05,AF,1
2024-05,AG,1
2024-05,AR,6
2024-05,AT,2
2024-05,AU,3
2024-05,BD,1
2024-05,BE,8
2024-05,BR,15
2024-05,BS,1
2024-05,CA,19
2024-05,CH,5
2024-05,CI,1
2024-05,CL,2
2024-05,CN,2
2024-05,CO,4
2024-05,CR,1
2024-05,CZ,4
2024-05,DE,25
2024-05,EG,1
2024-05,ES,21
2024-05,FI,1
2024-05,FR,19
2024-05,GB,35
2024-05,GE,1
2024-05,HR,1
2024-05,ID,2
2024-05,IE,5
2024-05,IL,13
2024-05,IN,17
2024-05,IR,1
2024-05,IT,16
2024-05,JP,6
2024-05,KR,1
2024-05,KW,1
2024-05,LU,1
2024-05,MO,1
2024-05,MX,10
2024-05,MZ,1
2024-05,NA,1
2024-05,NG,1
2024-05,NO,1
2024-05,NP,1
2024-05,PE,1
2024-05,PH,2
2024-05,PL,3
2024-05,PR,1
2024-05,PT,2
2024-05,RO,1
2024-05,RS,1
2024-05,SA,1
2024-05,SD,1
2024-05,SE,4
2024-05,SG,3
2024-05,SK,2
2024-05,TH,2
2024-05,TK,2
2024-05,TR,2
2024-05,TT,1
2024-05,TW,2
2024-05,US,276
2024-05,Unknown,13
2024-05,VG,2
2024-05,VN,1
2024-05,ZA,1
2024-06,AE,4
2024-06,AF,1
2024-06,AR,4
2024-06,AU,9
2024-06,BE,1
2024-06,BR,13
2024-06,CA,20
2024-06,CG,1
2024-06,CH,3
2024-06,CN,1
2024-06,CO,3
2024-06,CR,1
2024-06,DE,13
2024-06,DK,4
2024-06,DM,1
2024-06,ES,11
2024-06,FJ,1
2024-06,FR,4
2024-06,GB,23
2024-06,GT,1
2024-06,HK,2
2024-06,HR,2
2024-06,ID,2
2024-06,IL,3
2024-06,IN,8
2024-06,IT,19
2024-06,JP,7
2024-06,KE,1
2024-06,KR,3
2024-06,LT,1
2024-06,MC,1
2024-06,MM,1
2024-06,MX,1
2024-06,MY,1
2024-06,NL,2
2024-06,NO,2
2024-06,NZ,3
2024-06,PE,1
2024-06,PH,2
2024-06,PL,2
2024-06,PT,2
2024-06,RO,1
2024-06,RS,1
2024-06,SE,3
2024-06,SG,2
2024-06,SK,1
2024-06,SV,1
2024-06,TR,2
2024-06,TV,2
2024-06,TW,2
2024-06,US,170
2024-06,Unknown,43
2024-06,VN,1
2024-06,ZA,3
2024-07,AE,1
2024-07,AM,1
2024-07,AR,1
2024-07,AT,2
2024-07,AU,7
2024-07,BE,5
2024-07,BG,2
2024-07,BO,1
2024-07,BR,11
2024-07,CA,15
2024-07,CL,1
2024-07,CN,2
2024-07,CZ,2
2024-07,DE,13
2024-07,DK,3
2024-07,EG,1
2024-07,ES,8
2024-07,FR,7
2024-07,GB,14
2024-07,GR,2
2024-07,HK,1
2024-07,HR,3
2024-07,ID,3
2024-07,IE,1
2024-07,IL,3
2024-07,IN,7
2024-07,IS,1
2024-07,IT,10
2024-07,JP,3
2024-07,KE,1
2024-07,LU,1
2024-07,MX,2
2024-07,MY,1
2024-07,NL,6
2024-07,NZ,1
2024-07,OM,1
2024-07,PE,2
2024-07,PK,2
2024-07,PL,1
2024-07,PR,1
2024-07,QA,1
2024-07,RO,3
2024-07,SA,1
2024-07,SE,1
2024-07,SG,3
2024-07,TH,3
2024-07,TN,1
2024-07,TW,2
2024-07,US,187
2024-07,Unknown,71
2024-07,VN,1
2024-07,ZA,3
2024-07,ZW,1
2024-08,AE,1
2024-08,AR,2
2024-08,AT,3
2024-08,AU,12
2024-08,BE,3
2024-08,BR,8
2024-08,CA,23
2024-08,CH,6
2024-08,CI,1
2024-08,CN,2
2024-08,CO,2
2024-08,CY,1
2024-08,CZ,1
2024-08,DE,15
2024-08,DJ,1
2024-08,DK,3
2024-08,DO,2
2024-08,ES,8
2024-08,FJ,1
2024-08,FR,13
2024-08,GB,32
2024-08,GH,1
2024-08,GR,2
2024-08,GT,1
2024-08,HK,1
2024-08,ID,1
2024-08,IE,5
2024-08,IL,7
2024-08,IN,8
2024-08,IT,17
2024-08,JE,1
2024-08,JM,1
2024-08,JP,2
2024-08,KR,4
2024-08,LB,3
2024-08,LK,1
2024-08,MX,4
2024-08,MY,2
2024-08,NL,4
2024-08,NO,1
2024-08,NZ,3
2024-08,OM,1
2024-08,PE,3
2024-08,PH,1
2024-08,PK,1
2024-08,PL,5
2024-08,RO,2
2024-08,RU,1
2024-08,SA,2
2024-08,SC,1
2024-08,SD,1
2024-08,SE,5
2024-08,SG,2
2024-08,TH,1
2024-08,TL,1
2024-08,TR,1
2024-08,TW,2
2024-08,US,220
2024-08,Unknown,8
2024-08,VE,2
2024-08,VN,1
2024-08,ZA,7
2024-08,ZW,2
2024-09,AE,1
2024-09,AF,1
2024-09,AO,1
2024-09,AR,4
2024-09,AT,1
2024-09,AU,7
2024-09,BD,1
2024-09,BE,9
2024-09,BR,10
2024-09,CA,29
2024-09,CH,3
2024-09,CM,1
2024-09,CN,3
2024-09,CO,1
2024-09,CZ,2
2024-09,DE,12
2024-09,DK,1
2024-09,ES,8
2024-09,FR,4
2024-09,GB,21
2024-09,GR,1
2024-09,ID,1
2024-09,IL,9
2024-09,IN,7
2024-09,IT,10
2024-09,JP,7
2024-09,KR,2
2024-09,LB,1
2024-09,LT,1
2024-09,LU,2
2024-09,LV,1
2024-09,MU,1
2024-09,MX,4
2024-09,MY,3
2024-09,NL,1
2024-09,NO,5
2024-09,NZ,1
2024-09,OM,1
2024-09,PH,1
2024-09,PL,2
2024-09,PR,2
2024-09,RO,1
2024-09,RU,1
2024-09,SE,3
2024-09,SG,1
2024-09,SN,1
2024-09,TH,3
2024-09,TN,1
2024-09,TR,4
2024-09,TW,1
2024-09,US,197
2024-09,UY,1
2024-10,AE,7
2024-10,AT,2
2024-10,AU,15
2024-10,AW,1
2024-10,BD,2
2024-10,BE,5
2024-10,BG,2
2024-10,BR,10
2024-10,CA,33
2024-10,CH,8
2024-10,CL,1
2024-10,CN,2
2024-10,CO,3
2024-10,CY,2
2024-10,CZ,1
2024-10,DE,17
2024-10,DK,2
2024-10,DZ,1
2024-10,EG,2
2024-10,ES,12
2024-10,FR,14
2024-10,GB,22
2024-10,GH,1
2024-10,GT,2
2024-10,HK,1
2024-10,HR,1
2024-10,ID,2
2024-10,IE,2
2024-10,IL,9
2024-10,IN,27
2024-10,IT,13
2024-10,JM,1
2024-10,JO,2
2024-10,JP,6
2024-10,KR,3
2024-10,KW,1
2024-10,LU,1
2024-10,LY,1
2024-10,MM,1
2024-10,MX,6
2024-10,MY,2
2024-10,NL,3
2024-10,NO,3
2024-10,NZ,1
2024-10,PE,2
2024-10,PH,2
2024-10,PL,3
2024-10,QA,1
2024-10,RO,2
2024-10,SA,1
2024-10,SE,2
2024-10,SG,4
2024-10,TH,1
2024-10,TR,2
2024-10,US,263
2024-10,Unknown,8
2024-10,VN,1
2024-10,ZA,2
2024-11,AE,15
2024-11,AR,6
2024-11,AT,8
2024-11,AU,20
2024-11,AW,1
2024-11,BA,1
2024-11,BB,1
2024-11,BD,1
2024-11,BE,7
2024-11,BM,1
2024-11,BO,1
2024-11,BR,15
2024-11,CA,28
2024-11,CH,8
2024-11,CL,2
2024-11,CM,1
2024-11,CN,2
2024-11,CO,4
2024-11,CR,2
2024-11,CZ,3
2024-11,DE,25
2024-11,EC,1
2024-11,EG,2
2024-11,ES,6
2024-11,ET,1
2024-11,FO,1
2024-11,FR,18
2024-11,GB,29
2024-11,GR,3
2024-11,HK,4
2024-11,HR,1
2024-11,HU,3
2024-11,ID,1
2024-11,IE,3
2024-11,IL,7
2024-11,IN,15
2024-11,IR,1
2024-11,IS,1
2024-11,IT,20
2024-11,JO,3
2024-11,JP,5
2024-11,KE,1
2024-11,KR,2
2024-11,KW,1
2024-11,LT,1
2024-11,LU,1
2024-11,MN,1
2024-11,MT,1
2024-11,MX,4
2024-11,MY,1
2024-11,NA,1
2024-11,NG,1
2024-11,NL,5
2024-11,NO,3
2024-11,NZ,1
2024-11,OM,1
2024-11,PE,4
2024-11,PL,1
2024-11,RO,3
2024-11,RU,1
2024-11,SA,3
2024-11,SD,1
2024-11,SE,3
2024-11,SG,1
2024-11,SK,1
2024-11,SV,2
2024-11,SY,1
2024-11,TH,3
2024-11,TR,1
2024-11,TW,6
2024-11,TZ,1
2024-11,US,344
2024-11,UY,2
2024-11,Unknown,9
2024-11,VE,3
2024-11,VN,2
2024-11,ZA,2
2024-12,AE,9
2024-12,AI,1
2024-12,AR,6
2024-12,AT,2
2024-12,AU,16
2024-12,AZ,1
2024-12,BD,1
2024-12,BE,2
2024-12,BO,1
2024-12,BR,20
2024-12,BW,1
2024-12,BY,1
2024-12,CA,38
2024-12,CH,7
2024-12,CI,1
2024-12,CL,3
2024-12,CN,2
2024-12,CO,2
2024-12,CR,2
2024-12,CY,1
2024-12,CZ,3
2024-12,DE,19
2024-12,DZ,2
2024-12,EC,2
2024-12,EG,2
2024-12,ES,11
2024-12,FR,11
2024-12,GA,1
2024-12,GB,20
2024-12,GR,3
2024-12,HK,3
2024-12,HR,1
2024-12,ID,6
2024-12,IE,2
2024-12,IL,9
2024-12,IN,35
2024-12,IR,1
2024-12,IT,14
2024-12,JM,1
2024-12,JO,1
2024-12,JP,8
2024-12,KE,1
2024-12,KH,1
2024-12,KR,3
2024-12,LA,1
2024-12,LB,1
2024-12,LU,2
2024-12,LV,1
2024-12,LY,1
2024-12,MK,1
2024-12,MN,4
2024-12,MR,1
2024-12,MX,8
2024-12,MY,2
2024-12,NA,1
2024-12,NG,1
2024-12,NL,5
2024-12,NP,1
2024-12,NZ,1
2024-12,OM,1
2024-12,PE,1
2024-12,PK,3
2024-12,PL,6
2024-12,PT,3
2024-12,PY,2
2024-12,QA,1
2024-12,RU,1
2024-12,SA,8
2024-12,SD,1
2024-12,SE,2
2024-12,SG,6
2024-12,SV,1
2024-12,TH,2
2024-12,TJ,1
2024-12,TN,2
2024-12,TR,2
2024-12,TW,1
2024-12,TZ,1
2024-12,UA,1
2024-12,US,302
2024-12,UY,1
2024-12,UZ,1
2024-12,Unknown,14
2024-12,VG,1
2024-12,VN,4
2024-12,ZA,3
2024-12,ZM,2
2024-12,ZW,1
2025-01,AD,1
2025-01,AE,3
2025-01,AR,4
2025-01,AT,2
2025-01,AU,18
2025-01,BD,1
2025-01,BE,3
2025-01,BR,21
2025-01,CA,31
2025-01,CH,3
2025-01,CL,2
2025-01,CN,2
2025-01,CO,8
2025-01,CY,2
2025-01,CZ,3
2025-01,DE,14
2025-01,DK,2
2025-01,DM,2
2025-01,DO,1
2025-01,DZ,2
2025-01,EG,4
2025-01,ES,13
2025-01,FI,2
2025-01,FR,17
2025-01,GB,28
2025-01,GE,1
2025-01,GR,1
2025-01,HK,3
2025-01,HR,2
2025-01,ID,7
2025-01,IE,2
2025-01,IL,1
2025-01,IN,19
2025-01,IT,12
2025-01,JM,1
2025-01,JO,2
2025-01,JP,6
2025-01,KE,2
2025-01,KR,1
2025-01,LK,1
2025-01,MA,2
2025-01,MK,1
2025-01,MN,3
2025-01,MX,6
2025-01,MY,4
2025-01,NG,3
2025-01,NL,4
2025-01,NO,1
2025-01,NZ,1
2025-01,OM,1
2025-01,PA,2
2025-01,PE,1
2025-01,PK,4
2025-01,PL,1
2025-01,PR,1
2025-01,PT,2
2025-01,PY,1
2025-01,RO,2
2025-01,RS,1
2025-01,RU,1
2025-01,SA,1
2025-01,SE,4
2025-01,SG,4
2025-01,SK,1
2025-01,SV,2
2025-01,TH,4
2025-01,TR,3
2025-01,TV,1
2025-01,TW,2
2025-01,UG,1
2025-01,US,262
2025-01,UY,1
2025-01,UZ,1
2025-01,Unknown,30
2025-01,VE,1
2025-01,VN,2
2025-01,ZA,1
2025-01,ZM,1
2025-02,AE,2
2025-02,AR,1
2025-02,AT,3
2025-02,AU,16
2025-02,BE,5
2025-02,BG,2
2025-02,BR,16
2025-02,BY,2
2025-02,CA,55
2025-02,CH,3
2025-02,CL,3
2025-02,CN,2
2025-02,CO,6
2025-02,CR,1
2025-02,CZ,2
2025-02,DE,37
2025-02,DK,3
2025-02,EC,3
2025-02,EG,3
2025-02,ES,10
2025-02,FI,2
2025-02,FR,16
2025-02,GB,29
2025-02,GR,3
2025-02,HK,4
2025-02,HT,1
2025-02,ID,6
2025-02,IE,3
2025-02,IL,5
2025-02,IN,15
2025-02,IT,14
2025-02,JM,1
2025-02,JP,8
2025-02,KR,2
2025-02,LB,1
2025-02,MA,1
2025-02,MO,1
2025-02,MT,2
2025-02,MX,15
2025-02,MY,2
2025-02,NA,1
2025-02,NL,6
2025-02,NO,2
2025-02,NZ,4
2025-02,PE,2
2025-02,PH,2
2025-02,PK,2
2025-02,PL,4
2025-02,PR,1
2025-02,PW,2
2025-02,RO,6
2025-02,RU,3
2025-02,SA,2
2025-02,SE,10
2025-02,SG,9
2025-02,TH,3
2025-02,TN,1
2025-02,TR,2
2025-02,TW,9
2025-02,TZ,1
2025-02,US,537
2025-02,Unknown,95
2025-02,ZA,1
2025-02,ZM,2
2025-03,AG,1
2025-03,AR,8
2025-03,AT,2
2025-03,AU,9
2025-03,BE,4
2025-03,BO,1
2025-03,BR,18
2025-03,BS,1
2025-03,BW,1
2025-03,BY,1
2025-03,CA,36
2025-03,CH,5
2025-03,CL,2
2025-03,CN,11
2025-03,CO,6
2025-03,CZ,2
2025-03,DE,48
2025-03,DK,1
2025-03,DO,2
2025-03,EE,1
2025-03,EG,2
2025-03,ES,19
2025-03,FI,1
2025-03,FR,21
2025-03,GB,32
2025-03,GT,1
2025-03,HK,5
2025-03,HU,1
2025-03,ID,6
2025-03,IE,1
2025-03,IL,3
2025-03,IN,18
2025-03,IQ,5
2025-03,IR,1
2025-03,IT,20
2025-03,JP,10
2025-03,KI,1
2025-03,KR,2
2025-03,KY,1
2025-03,LA,1
2025-03,LK,1
2025-03,LV,1
2025-03,MC,1
2025-03,MT,1
2025-03,MX,6
2025-03,MY,4
2025-03,NE,1
2025-03,NG,1
2025-03,NL,4
2025-03,NO,1
2025-03,NZ,1
2025-03,OM,1
2025-03,PA,1
2025-03,PE,4
2025-03,PH,1
2025-03,PK,5
2025-03,PL,2
2025-03,PT,1
2025-03,QA,2
2025-03,RO,1
2025-03,RU,3
2025-03,RW,1
2025-03,SA,1
2025-03,SE,4
2025-03,SG,5
2025-03,SK,2
2025-03,TD,1
2025-03,TH,7
2025-03,TR,6
2025-03,TW,17
2025-03,TZ,1
2025-03,UA,1
2025-03,US,317
2025-03,UZ,1
2025-03,Unknown,28
2025-03,VE,2
2025-03,VN,2
2025-03,ZA,3
2025-04,AE,1
2025-04,AR,5
2025-04,AT,2
2025-04,AU,10
2025-04,BB,1
2025-04,BD,2
2025-04,BE,4
2025-04,BO,1
2025-04,BR,11
2025-04,CA,30
2025-04,CH,10
2025-04,CL,3
2025-04,CN,5
2025-04,CO,1
2025-04,CR,1
2025-04,CY,1
2025-04,CZ,5
2025-04,DE,27
2025-04,DK,2
2025-04,DO,1
2025-04,EC,1
2025-04,EE,1
2025-04,EG,5
2025-04,ES,11
2025-04,FJ,1
2025-04,FR,7
2025-04,GB,17
2025-04,GR,2
2025-04,GT,1
2025-04,HK,1
2025-04,HU,1
2025-04,ID,3
2025-04,IE,3
2025-04,IN,8
2025-04,IR,1
2025-04,IT,22
2025-04,JM,1
2025-04,JO,1
2025-04,JP,6
2025-04,KR,1
2025-04,LB,1
2025-04,LK,1
2025-04,LU,4
2025-04,MC,1
2025-04,MX,4
2025-04,MY,5
2025-04,NL,2
2025-04,NO,4
2025-04,NZ,1
2025-04,PA,1
2025-04,PE,1
2025-04,PK,1
2025-04,PL,4
2025-04,PT,5
2025-04,SA,6
2025-04,SE,3
2025-04,SG,12
2025-04,TH,3
2025-04,TN,1
2025-04,TR,4
2025-04,TW,10
2025-04,US,228
2025-04,Unknown,15
2025-04,VN,1
2025-04,ZA,1
2025-05,AE,7
2025-05,AR,4
2025-05,AT,3
2025-05,AU,6
2025-05,AW,1
2025-05,BA,1
2025-05,BB,1
2025-05,BE,6
2025-05,BH,1
2025-05,BR,11
2025-05,BW,1
2025-05,CA,29
2025-05,CH,4
2025-05,CM,1
2025-05,CN,3
2025-05,CO,3
2025-05,CR,1
2025-05,CY,1
2025-05,CZ,5
2025-05,DE,37
2025-05,DK,1
2025-05,EC,1
2025-05,EG,1
2025-05,ES,20
2025-05,FR,11
2025-05,GB,20
2025-05,GR,4
2025-05,HK,4
2025-05,HR,3
2025-05,HU,1
2025-05,ID,2
2025-05,IN,9
2025-05,IT,11
2025-05,JO,2
2025-05,JP,12
2025-05,KE,2
2025-05,KR,2
2025-05,LK,1
2025-05,LU,1
2025-05,LV,1
2025-05,MT,1
2025-05,MV,1
2025-05,MX,3
2025-05,MY,4
2025-05,NL,3
2025-05,NO,2
2025-05,PE,2
2025-05,PH,5
2025-05,PR,1
2025-05,PT,4
2025-05,RO,2
2025-05,RS,1
2025-05,RU,1
2025-05,SA,2
2025-05,SE,2
2025-05,SG,7
2025-05,SI,1
2025-05,TH,4
2025-05,TR,5
2025-05,TW,3
2025-05,US,305
2025-05,Unknown,5
2025-05,VE,2
2025-05,VN,2
2025-05,ZA,8
2025-06,AE,4
2025-06,AR,3
2025-06,AT,3
2025-06,AU,14
2025-06,BD,1
2025-06,BE,3
2025-06,BM,1
2025-06,BR,8
2025-06,CA,23
2025-06,CH,6
2025-06,CL,2
2025-06,CN,1
2025-06,CO,3
2025-06,CZ,1
2025-06,DE,15
2025-06,DK,3
2025-06,DO,1
2025-06,EC,3
2025-06,ES,14
2025-06,FI,2
2025-06,FJ,1
2025-06,FR,10
2025-06,GB,20
2025-06,GR,1
2025-06,HK,4
2025-06,HU,1
2025-06,IE,3
2025-06,IL,14
2025-06,IN,9
2025-06,IT,12
2025-06,JO,1
2025-06,JP,5
2025-06,KH,1
2025-06,KR,1
2025-06,KW,1
2025-06,LK,1
2025-06,LV,1
2025-06,MA,2
2025-06,MU,1
2025-06,MX,3
2025-06,MY,1
2025-06,NL,2
2025-06,NO,4
2025-06,NZ,1
2025-06,PE,3
2025-06,PH,1
2025-06,PK,1
2025-06,PL,2
2025-06,PR,1
2025-06,PT,1
2025-06,RS,1
2025-06,RU,2
2025-06,SA,1
2025-06,SE,2
2025-06,SG,4
2025-06,TH,7
2025-06,TO,1
2025-06,TR,5
2025-06,TW,4
2025-06,US,235
2025-06,Unknown,13
2025-06,VE,2
2025-06,VN,2
2025-06,ZA,2
2025-07,AE,2
2025-07,AR,3
2025-07,AT,1
2025-07,AU,5
2025-07,AZ,1
2025-07,BB,2
2025-07,BD,1
2025-07,BE,3
2025-07,BR,11
2025-07,CA,26
2025-07,CH,5
2025-07,CL,1
2025-07,CN,2
2025-07,CO,4
2025-07,CW,1
2025-07,CZ,1
2025-07,DE,24
2025-07,DK,1
2025-07,DO,2
2025-07,EG,1
2025-07,ES,12
2025-07,FR,13
2025-07,GB,23
2025-07,GR,2
2025-07,GT,2
2025-07,HK,5
2025-07,HR,1
2025-07,ID,1
2025-07,IE,3
2025-07,IL,3
2025-07,IN,5
2025-07,IR,1
2025-07,IT,21
2025-07,JO,1
2025-07,JP,10
2025-07,KE,1
2025-07,KW,1
2025-07,KY,1
2025-07,MX,4
2025-07,MY,4
2025-07,NA,1
2025-07,NL,3
2025-07,NZ,1
2025-07,PE,1
2025-07,PH,3
2025-07,PL,1
2025-07,PR,1
2025-07,PT,2
2025-07,PY,1
2025-07,RO,1
2025-07,SA,2
2025-07,SE,4
2025-07,SG,5
2025-07,SK,1
2025-07,SV,1
2025-07,TH,5
2025-07,TR,7
2025-07,TW,2
2025-07,TZ,1
2025-07,US,264
2025-07,Unknown,28
2025-07,ZA,1
2025-08,AE,1
2025-08,AT,1
2025-08,AU,11
2025-08,BE,3
2025-08,BH,1
2025-08,BR,8
2025-08,CA,18
2025-08,CH,1
2025-08,CO,4
2025-08,CR,1
2025-08,CZ,1
2025-08,DE,32
2025-08,DK,4
2025-08,DZ,1
2025-08,EC,1
2025-08,ES,7
2025-08,FI,1
2025-08,FR,9
2025-08,GB,36
2025-08,GE,1
2025-08,GR,3
2025-08,GY,1
2025-08,HK,3
2025-08,HR,1
2025-08,ID,2
2025-08,IE,1
2025-08,IL,2
2025-08,IN,4
2025-08,IT,14
2025-08,JO,1
2025-08,JP,13
2025-08,KE,1
2025-08,KR,3
2025-08,LB,1
2025-08,LT,1
2025-08,LV,1
2025-08,MC,1
2025-08,MU,1
2025-08,MX,6
2025-08,MY,2
2025-08,NI,1
2025-08,NL,4
2025-08,NO,2
2025-08,NZ,1
2025-08,PE,1
2025-08,PH,2
2025-08,PL,3
2025-08,PR,1
2025-08,PS,1
2025-08,PT,2
2025-08,RO,1
2025-08,SE,4
2025-08,SG,3
2025-08,TH,4
2025-08,TN,1
2025-08,TR,1
2025-08,TT,1
2025-08,TW,9
2025-08,UG,1
2025-08,US,257
2025-08,Unknown,21
2025-08,VN,1
2025-08,ZA,1
2025-09,AE,5
2025-09,AR,4
2025-09,AT,2
2025-09,AU,7
2025-09,AW,1
2025-09,BD,1
2025-09,BE,4
2025-09,BR,4
2025-09,CA,20
2025-09,CH,7
2025-09,CL,3
2025-09,CN,7
2025-09,CO,6
2025-09,CR,1
2025-09,CY,1
2025-09,CZ,1
2025-09,DE,26
2025-09,DK,4
2025-09,DO,1
2025-09,EG,1
2025-09,ES,8
2025-09,FI,2
2025-09,FR,13
2025-09,GB,16
2025-09,GR,1
2025-09,GT,1
2025-09,HK,5
2025-09,ID,4
2025-09,IE,2
2025-09,IL,1
2025-09,IN,11
2025-09,IT,12
2025-09,JP,6
2025-09,KE,1
2025-09,KR,18
2025-09,KW,1
2025-09,LK,1
2025-09,LU,1
2025-09,MA,1
2025-09,MX,6
2025-09,MY,1
2025-09,NA,1
2025-09,NG,2
2025-09,NL,4
2025-09,NO,1
2025-09,NP,1
2025-09,NZ,1
2025-09,OM,1
2025-09,PA,2
2025-09,PE,2
2025-09,PH,1
2025-09,PK,1
2025-09,PL,3
2025-09,PT,2
2025-09,RU,2
2025-09,SA,2
2025-09,SE,5
2025-09,SK,1
2025-09,SN,1
2025-09,TH,5
2025-09,TR,4
2025-09,TT,1
2025-09,TW,5
2025-09,US,306
2025-09,UY,1
2025-09,Unknown,21
2025-09,VE,1
2025-09,VG,1
2025-09,VN,1
2025-09,ZW,1
2025-10,AE,8
2025-10,AR,9
2025-10,AT,4
2025-10,AU,15
2025-10,BE,2
2025-10,BG,1
2025-10,BH,1
2025-10,BO,1
2025-10,BR,9
2025-10,BS,1
2025-10,CA,49
2025-10,CD,1
2025-10,CH,6
2025-10,CL,1
2025-10,CN,1
2025-10,CO,4
2025-10,CR,1
2025-10,CY,2
2025-10,CZ,1
2025-10,DE,25
2025-10,DK,5
2025-10,DO,2
2025-10,DZ,1
2025-10,EG,2
2025-10,ES,22
2025-10,ET,1
2025-10,FI,4
2025-10,FR,35
2025-10,GA,1
2025-10,GB,23
2025-10,HK,5
2025-10,HR,1
2025-10,ID,4
2025-10,IE,2
2025-10,IL,4
2025-10,IN,9
2025-10,IR,1
2025-10,IT,6
2025-10,JM,1
2025-10,JP,14
2025-10,KE,1
2025-10,KR,6
2025-10,KW,1
2025-10,MA,3
2025-10,MG,1
2025-10,MX,6
2025-10,MY,6
2025-10,NG,1
2025-10,NL,7
2025-10,PE,1
2025-10,PH,2
2025-10,PK,2
2025-10,PL,4
2025-10,PR,2
2025-10,PT,3
2025-10,QA,3
2025-10,RO,1
2025-10,SA,3
2025-10,SE,7
2025-10,SG,5
2025-10,SI,1
2025-10,SV,1
2025-10,TH,5
2025-10,TN,1
2025-10,TO,1
2025-10,TR,1
2025-10,TW,2
2025-10,US,430
2025-10,UY,1
2025-10,Unknown,37
2025-10,VE,1
2025-10,VN,3
2025-10,ZA,4
2025-11,AE,7
2025-11,AR,5
2025-11,AT,11
2025-11,AU,12
2025-11,BB,2
2025-11,BE,3
2025-11,BG,1
2025-11,BO,2
2025-11,BR,12
2025-11,CA,33
2025-11,CH,10
2025-11,CI,1
2025-11,CN,2
2025-11,CO,6
2025-11,CR,1
2025-11,CZ,2
2025-11,DE,17
2025-11,DK,2
2025-11,DO,1
2025-11,EC,1
2025-11,EG,4
2025-11,ES,15
2025-11,FI,1
2025-11,FR,7
2025-11,GB,23
2025-11,ID,7
2025-11,IL,1
2025-11,IN,13
2025-11,IQ,1
2025-11,IR,2
2025-11,IS,1
2025-11,IT,11
2025-11,JP,15
2025-11,KR,5
2025-11,KW,2
2025-11,LK,2
2025-11,MA,2
2025-11,MT,1
2025-11,MX,11
2025-11,MY,6
2025-11,NG,1
2025-11,NL,1
2025-11,OM,1
2025-11,PE,3
2025-11,PH,1
2025-11,PK,6
2025-11,PL,5
2025-11,PT,2
2025-11,QA,1
2025-11,RE,1
2025-11,RO,6
2025-11,RU,4
2025-11,SA,3
2025-11,SE,4
2025-11,SG,7
2025-11,SI,2
2025-11,SK,1
2025-11,TH,6
2025-11,TR,2
2025-11,TW,2
2025-11,UA,1
2025-11,US,355
2025-11,UY,1
2025-11,Unknown,33
2025-11,VN,5
2025-11,ZA,1
2025-11,ZM,1
2025-12,AE,10
2025-12,AR,13
2025-12,AT,5
2025-12,AU,14
2025-12,BB,1
2025-12,BD,1
2025-12,BE,5
2025-12,BG,2
2025-12,BO,2
2025-12,BR,23
2025-12,CA,35
2025-12,CH,8
2025-12,CL,3
2025-12,CN,3
2025-12,CO,2
2025-12,CZ,3
2025-12,DE,42
2025-12,DK,4
2025-12,DO,1
2025-12,EE,2
2025-12,EG,2
2025-12,ES,21
2025-12,FI,2
2025-12,FR,30
2025-12,GB,28
2025-12,GH,1
2025-12,GR,3
2025-12,GT,2
2025-12,HK,3
2025-12,HR,2
2025-12,HU,3
2025-12,ID,2
2025-12,IE,2
2025-12,IL,7
2025-12,IN,20
2025-12,IR,2
2025-12,IT,24
2025-12,JO,3
2025-12,JP,9
2025-12,KE,1
2025-12,KH,1
2025-12,KR,4
2025-12,LB,1
2025-12,LS,1
2025-12,MX,9
2025-12,MY,11
2025-12,NG,1
2025-12,NL,4
2025-12,NO,1
2025-12,NZ,3
2025-12,OM,3
2025-12,PA,1
2025-12,PE,4
2025-12,PH,7
2025-12,PL,5
2025-12,PT,5
2025-12,PY,1
2025-12,RU,1
2025-12,SA,3
2025-12,SE,4
2025-12,SG,8
2025-12,SK,2
2025-12,TH,6
2025-12,TN,3
2025-12,TR,12
2025-12,TW,6
2025-12,US,386
2025-12,UY,1
2025-12,Unknown,33
2025-12,VE,2
2025-12,VN,2
2025-12,ZA,3
2025-12,ZW,1
2026-01,AE,5
2026-01,AL,1
2026-01,AR,3
2026-01,AT,5
2026-01,AU,8
2026-01,BE,2
2026-01,BG,4
2026-01,BR,11
2026-01,BS,1
2026-01,CA,27
2026-01,CH,7
2026-01,CL,2
2026-01,CN,4
2026-01,CO,4
2026-01,CZ,2
2026-01,DE,28
2026-01,DK,1
2026-01,DZ,1
2026-01,EC,1
2026-01,EG,1
2026-01,ES,18
2026-01,FI,3
2026-01,FR,17
2026-01,GB,37
2026-01,GR,2
2026-01,GT,1
2026-01,HK,8
2026-01,ID,4
2026-01,IE,1
2026-01,IL,4
2026-01,IN,16
2026-01,IQ,1
2026-01,IT,18
2026-01,JP,6
2026-01,KE,3
2026-01,KR,2
2026-01,LU,1
2026-01,MA,1
2026-01,MU,1
2026-01,MX,7
2026-01,MY,9
2026-01,MZ,1
2026-01,NL,1
2026-01,NO,1
2026-01,NZ,2
2026-01,PE,2
2026-01,PH,3
2026-01,PL,8
2026-01,PS,1
2026-01,PY,2
2026-01,RO,3
2026-01,RS,1
2026-01,SA,1
2026-01,SG,3
2026-01,SI,1
2026-01,SJ,7
2026-01,SK,1
2026-01,SN,1
2026-01,TH,9
2026-01,TR,8
2026-01,TW,12
2026-01,TZ,1
2026-01,US,319
2026-01,Unknown,26
2026-01,VE,1
2026-01,VN,3
2026-01,ZA,4
2026-02,AE,6
2026-02,AR,2
2026-02,AT,3
2026-02,AU,15
2026-02,BB,1
2026-02,BE,3
2026-02,BH,1
2026-02,BM,1
2026-02,BR,21
2026-02,CA,34
2026-02,CH,6
2026-02,CL,8
2026-02,CN,8
2026-02,CO,5
2026-02,CZ,2
2026-02,DE,31
2026-02,DK,2
2026-02,DO,1
2026-02,EC,1
2026-02,EG,5
2026-02,ES,15
2026-02,FI,1
2026-02,FR,17
2026-02,GB,23
2026-02,GH,1
2026-02,GR,3
2026-02,HK,4
2026-02,HU,1
2026-02,ID,4
2026-02,IE,1
2026-02,IL,2
2026-02,IN,16
2026-02,IT,23
2026-02,JP,15
2026-02,KH,1
2026-02,KR,8
2026-02,KW,2
2026-02,MA,1
2026-02,MU,1
2026-02,MX,8
2026-02,MY,3
2026-02,NA,2
2026-02,NG,2
2026-02,NL,3
2026-02,NO,2
2026-02,NZ,1
2026-02,PE,1
2026-02,PH,1
2026-02,PL,3
2026-02,PR,1
2026-02,PT,1
2026-02,RO,5
2026-02,RU,1
2026-02,SA,4
2026-02,SE,3
2026-02,SG,5
2026-02,TC,1
2026-02,TH,13
2026-02,TR,6
2026-02,TW,9
2026-02,US,371
2026-02,Unknown,35
2026-02,VN,1
2026-02,WS,1
2026-02,ZA,3
2026-03,AD,1
2026-03,AE,5
2026-03,AR,3
2026-03,AT,3
2026-03,AU,8
2026-03,BA,1
2026-03,BD,2
2026-03,BE,6
2026-03,BH,1
2026-03,BR,15
2026-03,BS,1
2026-03,CA,21
2026-03,CH,8
2026-03,CL,2
2026-03,CN,6
2026-03,CO,5
2026-03,CZ,5
2026-03,DE,32
2026-03,DK,1
2026-03,DO,1
2026-03,EG,2
2026-03,ES,16
2026-03,ET,1
2026-03,FI,2
2026-03,FR,37
2026-03,GB,33
2026-03,GE,1
2026-03,GR,1
2026-03,HR,1
2026-03,HU,1
2026-03,ID,2
2026-03,IE,1
2026-03,IL,17
2026-03,IN,14
2026-03,IQ,1
2026-03,IR,3
2026-03,IT,24
2026-03,JP,12
2026-03,KR,7
2026-03,KW,1
2026-03,LB,1
2026-03,LK,1
2026-03,LT,1
2026-03,LU,1
2026-03,MA,1
2026-03,MG,1
2026-03,MX,6
2026-03,MY,3
2026-03,NA,1
2026-03,NL,4
2026-03,NO,3
2026-03,OM,2
2026-03,PA,3
2026-03,PE,4
2026-03,PH,5
2026-03,PL,4
2026-03,PR,3
2026-03,PS,1
2026-03,PT,4
2026-03,PY,2
2026-03,RO,2
2026-03,RS,1
2026-03,SA,1
2026-03,SE,4
2026-03,SG,5
2026-03,SK,1
2026-03,TH,11
2026-03,TN,1
2026-03,TR,6
2026-03,TW,9
2026-03,TZ,1
2026-03,US,387
2026-03,Unknown,51
2026-03,WS,1
2026-03,ZA,5
2026-04,AE,4
2026-04,AR,6
2026-04,AT,8
2026-04,AU,20
2026-04,BA,1
2026-04,BD,2
2026-04,BE,5
2026-04,BR,14
2026-04,BW,1
2026-04,CA,24
2026-04,CH,9
2026-04,CL,3
2026-04,CN,7
2026-04,CO,7
2026-04,CZ,4
2026-04,DE,50
2026-04,DK,2
2026-04,DO,1
2026-04,EC,2
2026-04,EG,6
2026-04,ES,18
2026-04,FI,1
2026-04,FJ,1
2026-04,FR,30
2026-04,GB,55
2026-04,GH,2
2026-04,GR,2
2026-04,HK,9
2026-04,HR,1
2026-04,HU,1
2026-04,ID,9
2026-04,IE,3
2026-04,IL,1
2026-04,IN,10
2026-04,IR,1
2026-04,IT,26
2026-04,JM,1
2026-04,JO,1
2026-04,JP,12
2026-04,KE,1
2026-04,KH,1
2026-04,KR,2
2026-04,LB,1
2026-04,LK,1
2026-04,LY,1
2026-04,MA,5
2026-04,MD,1
2026-04,MT,1
2026-04,MV,1
2026-04,MX,15
2026-04,MY,7
2026-04,NL,1
2026-04,NO,2
2026-04,NZ,3
2026-04,OM,1
2026-04,PA,2
2026-04,PE,4
2026-04,PH,6
2026-04,PK,2
2026-04,PL,9
2026-04,PR,1
2026-04,PS,2
2026-04,PT,1
2026-04,QA,2
2026-04,RO,4
2026-04,RS,2
2026-04,SA,3
2026-04,SC,1
2026-04,SE,6
2026-04,SG,9
2026-04,SI,1
2026-04,SK,2
2026-04,TH,16
2026-04,TR,9
2026-04,TW,9
2026-04,UA,1
2026-04,US,325
2026-04,UY,1
2026-04,Unknown,34
2026-04,VE,4
2026-04,VN,1
2026-04,ZA,3
2026-04,ZM,1
2026-05,AE,6
2026-05,AR,7
2026-05,AT,7
2026-05,AU,20
2026-05,BD,2
2026-05,BE,3
2026-05,BG,1
2026-05,BR,10
2026-05,BS,1
2026-05,CA,32
2026-05,CH,5
2026-05,CL,2
2026-05,CN,2
2026-05,CO,4
2026-05,CR,1
2026-05,CY,1
2026-05,CZ,3
2026-05,DE,39
2026-05,DK,4
2026-05,DO,1
2026-05,EC,1
2026-05,EG,6
2026-05,ES,23
2026-05,FR,16
2026-05,GB,49
2026-05,GH,2
2026-05,HK,2
2026-05,HU,1
2026-05,ID,3
2026-05,IE,3
2026-05,IL,3
2026-05,IN,11
2026-05,IR,1
2026-05,IS,1
2026-05,IT,20
2026-05,JM,1
2026-05,JP,17
2026-05,KE,1
2026-05,KR,4
2026-05,KW,1
2026-05,LA,1
2026-05,LK,2
2026-05,MK,1
2026-05,MX,16
2026-05,MY,7
2026-05,NE,1
2026-05,NG,1
2026-05,NL,12
2026-05,NO,1
2026-05,NZ,2
2026-05,PE,2
2026-05,PG,1
2026-05,PH,3
2026-05,PK,1
2026-05,PL,6
2026-05,PT,1
2026-05,PY,2
2026-05,QA,2
2026-05,RO,1
2026-05,RU,3
2026-05,SA,1
2026-05,SE,3
2026-05,SG,10
2026-05,SI,1
2026-05,SN,2
2026-05,TH,10
2026-05,TN,2
2026-05,TR,9
2026-05,TW,7
2026-05,UA,2
2026-05,US,306
2026-05,Unknown,42
2026-05,VE,2
2026-05,VN,4
2026-05,ZA,2
2026-06,AE,5
2026-06,AM,2
2026-06,AR,9
2026-06,AT,5
2026-06,AU,11
2026-06,BD,1
2026-06,BE,3
2026-06,BH,1
2026-06,BO,2
2026-06,BR,23
2026-06,BS,2
2026-06,BW,1
2026-06,CA,20
2026-06,CH,5
2026-06,CL,4
2026-06,CN,5
2026-06,CO,3
2026-06,CR,1
2026-06,CY,1
2026-06,CZ,2
2026-06,DE,49
2026-06,DK,3
2026-06,DO,3
2026-06,EG,2
2026-06,ES,8
2026-06,FI,1
2026-06,FR,15
2026-06,GB,21
2026-06,GR,1
2026-06,GT,2
2026-06,HK,8
2026-06,HN,1
2026-06,HR,2
2026-06,ID,5
2026-06,IE,2
2026-06,IN,20
2026-06,IR,1
2026-06,IT,15
2026-06,JM,1
2026-06,JP,10
2026-06,KR,7
2026-06,LB,1
2026-06,LK,1
2026-06,LY,1
2026-06,MD,1
2026-06,MM,1
2026-06,MU,1
2026-06,MX,14
2026-06,MY,7
2026-06,NG,1
2026-06,NL,7
2026-06,NO,3
2026-06,PE,5
2026-06,PH,4
2026-06,PK,2
2026-06,PL,2
2026-06,PR,1
2026-06,PT,6
2026-06,PY,2
2026-06,RO,1
2026-06,RU,7
2026-06,SA,3
2026-06,SE,4
2026-06,SG,9
2026-06,SI,2
2026-06,SN,1
2026-06,TC,1
2026-06,TH,13
2026-06,TN,2
2026-06,TR,8
2026-06,TW,10
2026-06,US,200
2026-06,UY,3
2026-06,Unknown,86
2026-06,VA,1
2026-06,VE,2
2026-06,VN,7
2026-06,ZA,2
2026-06,ZW,1
2026-07,AD,1
2026-07,AE,8
2026-07,AO,1
2026-07,AR,19
2026-07,AT,4
2026-07,AU,15
2026-07,AZ,1
2026-07,BD,1
2026-07,BE,4
2026-07,BG,3
2026-07,BO,1
2026-07,BR,26
2026-07,BW,1
2026-07,CA,32
2026-07,CH,13
2026-07,CI,1
2026-07,CL,4
2026-07,CM,1
2026-07,CN,9
2026-07,CO,8
2026-07,CR,1
2026-07,CY,1
2026-07,CZ,17
2026-07,DE,58
2026-07,DK,2
2026-07,DO,1
2026-07,DZ,1
2026-07,EC,2
2026-07,EG,3
2026-07,ES,24
2026-07,FI,4
2026-07,FR,24
2026-07,GA,1
2026-07,GB,38
2026-07,GH,1
2026-07,HK,3
2026-07,HR,2
2026-07,HU,4
2026-07,ID,6
2026-07,IE,5
2026-07,IL,3
2026-07,IN,24
2026-07,IQ,1
2026-07,IR,1
2026-07,IS,1
2026-07,IT,30
2026-07,JO,1
2026-07,JP,9
2026-07,KE,2
2026-07,KR,3
2026-07,LA,2
2026-07,LK,1
2026-07,LT,1
2026-07,MA,2
2026-07,MD,1
2026-07,ME,1
2026-07,MK,1
2026-07,MO,1
2026-07,MT,1
2026-07,MX,18
2026-07,MY,9
2026-07,NG,3
2026-07,NI,1
2026-07,NL,7
2026-07,NO,1
2026-07,NZ,2
2026-07,OM,1
2026-07,PA,1
2026-07,PE,5
2026-07,PG,1
2026-07,PH,5
2026-07,PK,2
2026-07,PL,14
2026-07,PT,10
2026-07,PY,2
2026-07,RO,2
2026-07,RU,4
2026-07,SA,4
2026-07,SE,7
2026-07,SG,6
2026-07,SK,1
2026-07,TH,6
2026-07,TR,22
2026-07,TW,11
2026-07,TZ,1
2026-07,US,318
2026-07,UY,1
2026-07,Unknown,38
2026-07,VN,3
2026-07,YE,2
2026-07,YT,1
2026-07,ZA,6
2026-08,AE,10
2026-08,AI,1
2026-08,AL,1
2026-08,AR,16
2026-08,AT,9
2026-08,AU,19
2026-08,BE,7
2026-08,BR,27
2026-08,BZ,1
2026-08,CA,31
2026-08,CH,13
2026-08,CL,9
2026-08,CN,12
2026-08,CO,4
2026-08,CY,2
2026-08,CZ,6
2026-08,DE,69
2026-08,DK,2
2026-08,EC,1
2026-08,EG,1
2026-08,ES,13
2026-08,FI,4
2026-08,FR,23
2026-08,GA,1
2026-08,GB,49
2026-08,GH,1
2026-08,GR,4
2026-08,GT,1
2026-08,HK,13
2026-08,HN,1
2026-08,HU,3
2026-08,ID,8
2026-08,IE,2
2026-08,IL,2
2026-08,IN,27
2026-08,IR,1
2026-08,IT,51
2026-08,JM,1
2026-08,JO,1
2026-08,JP,14
2026-08,KR,8
2026-08,KZ,1
2026-08,LT,1
2026-08,LU,1
2026-08,LV,2
2026-08,MA,1
2026-08,MD,1
2026-08,MK,1
2026-08,MM,3
2026-08,MT,1
2026-08,MU,1
2026-08,MX,24
2026-08,MY,8
2026-08,NG,2
2026-08,NL,12
2026-08,NO,1
2026-08,NZ,3
2026-08,OM,1
2026-08,PA,1
2026-08,PE,5
2026-08,PH,10
2026-08,PK,2
2026-08,PL,4
2026-08,PR,1
2026-08,PT,4
2026-08,QA,2
2026-08,RO,5
2026-08,RS,1
2026-08,RU,4
2026-08,SA,2
2026-08,SE,8
2026-08,SG,9
2026-08,SK,1
2026-08,TH,11
2026-08,TR,7
2026-08,TT,1
2026-08,TW,18
2026-08,US,414
2026-08,UY,2
2026-08,Unknown,97
2026-08,VE,1
2026-08,VN,6
2026-08,WS,1
2026-08,ZA,8
2026-09,AE,4
2026-09,AG,1
2026-09,AO,1
2026-09,AR,17
2026-09,AT,4
2026-09,AU,12
2026-09,BA,1
2026-09,BD,1
2026-09,BE,4
2026-09,BG,5
2026-09,BR,31
2026-09,BT,1
2026-09,BZ,1
2026-09,CA,27
2026-09,CH,11
2026-09,CL,4
2026-09,CN,2
2026-09,CO,9
2026-09,CR,1
2026-09,CZ,3
2026-09,DE,38
2026-09,DK,1
2026-09,EC,1
2026-09,EG,1
2026-09,ES,17
2026-09,FI,4
2026-09,FR,23
2026-09,GB,26
2026-09,GE,2
2026-09,GR,1
2026-09,GT,1
2026-09,HK,2
2026-09,HR,2
2026-09,HT,1
2026-09,HU,1
2026-09,ID,5
2026-09,IE,1
2026-09,IL,3
2026-09,IN,24
2026-09,IR,1
2026-09,IT,28
2026-09,JM,1
2026-09,JP,15
2026-09,KE,2
2026-09,KR,11
2026-09,KZ,1
2026-09,LA,1
2026-09,LT,1
2026-09,LU,1
2026-09,MA,2
2026-09,MD,1
2026-09,ML,1
2026-09,MM,3
2026-09,MO,1
2026-09,MS,1
2026-09,MX,13
2026-09,MY,2
2026-09,NA,1
2026-09,NL,4
2026-09,NO,1
2026-09,NZ,1
2026-09,OM,1
2026-09,PA,1
2026-09,PE,6
2026-09,PH,5
2026-09,PL,2
2026-09,PR,1
2026-09,PT,5
2026-09,PY,1
2026-09,RS,1
2026-09,RU,10
2026-09,SA,3
2026-09,SE,10
2026-09,SG,6
2026-09,SK,1
2026-09,SN,1
2026-09,SO,1
2026-09,SV,1
2026-09,TH,5
2026-09,TL,1
2026-09,TR,11
2026-09,TT,1
2026-09,TW,7
2026-09,TZ,1
2026-09,UA,2
2026-09,UG,1
2026-09,US,270
2026-09,UY,1
2026-09,UZ,1
2026-09,Unknown,86
2026-09,VE,2
2026-09,VN,5
2026-09,ZA,11
2026-10,AE,4
2026-10,AR,2
2026-10,AU,3
2026-10,BR,9
2026-10,CA,5
2026-10,CH,3
2026-10,CL,2
2026-10,CO,2
2026-10,CZ,1
2026-10,DE,8
2026-10,DK,2
2026-10,EC,1
2026-10,EG,2
2026-10,ES,6
2026-10,FI,1
2026-10,FR,4
2026-10,GB,5
2026-10,GR,1
2026-10,HT,1
2026-10,ID,1
2026-10,IE,1
2026-10,IN,3
2026-10,IR,1
2026-10,IT,4
2026-10,JP,1
2026-10,KR,1
2026-10,MX,4
2026-10,MY,3
2026-10,NL,2
2026-10,PE,1
2026-10,QA,1
2026-10,SA,1
2026-10,SE,1
2026-10,SG,3
2026-10,SK,1
2026-10,TH,3
2026-10,TR,3
2026-10,TT,1
2026-10,TW,1
2026-10,US,77
2026-10,UY,1
2026-10,Unknown,30
2026-10,VN,1
2026-10,ZA,1
