month,group,victims
2023-01,0mega,1
2023-01,avoslocker,1
2023-01,bianlian,5
2023-01,blackbyte,6
2023-01,clop,3
2023-01,daixin,1
2023-01,everest,1
2023-01,hive,3
2023-01,karakurt,1
2023-01,lockbit3,48
2023-01,lorenz,3
2023-01,mallox,7
2023-01,medusa,5
2023-01,play,14
2023-01,ransomhouse,3
2023-01,royal,19
2023-01,snatch,1
2023-01,vicesociety,23
2023-02,0mega,1
2023-02,avoslocker,9
2023-02,bianlian,18
2023-02,blackbyte,2
2023-02,daixin,1
2023-02,lockbit3,129
2023-02,lorenz,2
2023-02,mallox,4
2023-02,medusa,14
2023-02,play,11
2023-02,qilin,1
2023-02,ragnarlocker,1
2023-02,ransomexx,1
2023-02,ransomhouse,5
2023-02,royal,15
2023-02,snatch,2
2023-02,vendetta,3
2023-02,vicesociety,2
2023-03,abyss,8
2023-03,bianlian,25
2023-03,blackbasta,48
2023-03,blackbyte,4
2023-03,clop,104
2023-03,daixin,1
2023-03,darkpower,10
2023-03,everest,2
2023-03,karakurt,4
2023-03,lockbit3,99
2023-03,lorenz,2
2023-03,mallox,3
2023-03,medusa,11
2023-03,moneymessage,2
2023-03,monti,6
2023-03,play,27
2023-03,qilin,1
2023-03,ragnarlocker,4
2023-03,ransomexx,1
2023-03,ransomhouse,12
2023-03,royal,31
2023-03,snatch,2
2023-03,stormous,21
2023-03,vicesociety,8
2023-04,abyss,1
2023-04,akira,8
2023-04,bianlian,44
2023-04,blackbasta,21
2023-04,blackbyte,9
2023-04,clop,3
2023-04,crosslock,1
2023-04,cryptnet,2
2023-04,dunghill,1
2023-04,everest,4
2023-04,karakurt,11
2023-04,lockbit3,110
2023-04,lorenz,5
2023-04,medusa,11
2023-04,medusalocker,1
2023-04,moneymessage,6
2023-04,play,14
2023-04,qilin,2
2023-04,ragnarlocker,1
2023-04,ransomhouse,6
2023-04,royal,26
2023-04,snatch,2
2023-04,stormous,7
2023-04,trigona,7
2023-04,unsafe,2
2023-04,vicesociety,4
2023-05,8base,22
2023-05,abyss,5
2023-05,akira,23
2023-05,bianlian,40
2023-05,blackbasta,8
2023-05,blackbyte,4
2023-05,clop,2
2023-05,cuba,3
2023-05,darkrace,1
2023-05,dunghill,3
2023-05,karakurt,3
2023-05,lockbit3,77
2023-05,malas,2
2023-05,medusa,16
2023-05,monti,12
2023-05,nokoyawa,25
2023-05,play,26
2023-05,qilin,8
2023-05,ragnarlocker,2
2023-05,rancoz,2
2023-05,ransomhouse,1
2023-05,raworld,5
2023-05,royal,29
2023-05,snatch,9
2023-05,trigona,11
2023-05,vicesociety,5
2023-06,8base,40
2023-06,akira,27
2023-06,bianlian,23
2023-06,blackbasta,11
2023-06,blackbyte,6
2023-06,blacksuit,3
2023-06,clop,90
2023-06,daixin,1
2023-06,darkrace,9
2023-06,karakurt,5
2023-06,lockbit3,62
2023-06,mallox,9
2023-06,medusa,11
2023-06,medusalocker,6
2023-06,noescape,7
2023-06,play,27
2023-06,qilin,9
2023-06,rancoz,1
2023-06,ransomexx,1
2023-06,ransomhouse,4
2023-06,raworld,3
2023-06,rhysida,19
2023-06,royal,2
2023-06,snatch,15
2023-06,trigona,1
2023-06,unsafe,1
2023-06,vicesociety,3
2023-07,8base,37
2023-07,abyss,5
2023-07,akira,17
2023-07,alphv,227
2023-07,arvinclub,1
2023-07,bianlian,27
2023-07,blackbasta,6
2023-07,blackbyte,2
2023-07,blacksuit,2
2023-07,cactus,18
2023-07,clop,171
2023-07,cuba,3
2023-07,cyclops,7
2023-07,donutleaks,8
2023-07,everest,2
2023-07,karakurt,3
2023-07,lockbit3,50
2023-07,mallox,5
2023-07,medusa,12
2023-07,medusalocker,4
2023-07,moneymessage,2
2023-07,monti,3
2023-07,noescape,13
2023-07,nokoyawa,7
2023-07,play,24
2023-07,qilin,3
2023-07,ragnarlocker,3
2023-07,rancoz,1
2023-07,ransomexx,1
2023-07,ransomhouse,1
2023-07,raworld,5
2023-07,rhysida,17
2023-07,royal,1
2023-07,snatch,5
2023-07,stormous,16
2023-08,8base,34
2023-08,abyss,2
2023-08,akira,30
2023-08,alphv,43
2023-08,arvinclub,10
2023-08,bianlian,12
2023-08,blackbasta,6
2023-08,blackbyte,1
2023-08,cloak,24
2023-08,clop,7
2023-08,cuba,1
2023-08,everest,5
2023-08,incransom,3
2023-08,karakurt,2
2023-08,lockbit3,127
2023-08,lorenz,1
2023-08,mallox,1
2023-08,medusa,12
2023-08,medusalocker,1
2023-08,metaencryptor,12
2023-08,monti,2
2023-08,noescape,21
2023-08,nokoyawa,3
2023-08,play,22
2023-08,qilin,2
2023-08,ragnarlocker,1
2023-08,ransomed,11
2023-08,raworld,6
2023-08,rhysida,8
2023-08,snatch,3
2023-08,stormous,5
2023-09,8base,21
2023-09,abyss,2
2023-09,akira,9
2023-09,alphv,51
2023-09,arvinclub,1
2023-09,bianlian,24
2023-09,blackbyte,6
2023-09,blacksuit,1
2023-09,cactus,33
2023-09,ciphbit,8
2023-09,clop,1
2023-09,cryptbb,7
2023-09,donutleaks,3
2023-09,dunghill,6
2023-09,everest,5
2023-09,incransom,11
2023-09,karakurt,2
2023-09,knight,11
2023-09,lockbit3,76
2023-09,lorenz,2
2023-09,losttrust,53
2023-09,mallox,1
2023-09,medusa,11
2023-09,metaencryptor,1
2023-09,moneymessage,4
2023-09,monti,4
2023-09,noescape,21
2023-09,play,27
2023-09,qilin,4
2023-09,ragnarlocker,14
2023-09,rancoz,2
2023-09,ransomed,32
2023-09,ransomhouse,4
2023-09,raworld,10
2023-09,rhysida,7
2023-09,snatch,4
2023-09,stormous,4
2023-09,threeam,10
2023-09,trigona,4
2023-10,0mega,2
2023-10,8base,19
2023-10,abyss,1
2023-10,akira,13
2023-10,alphv,34
2023-10,arvinclub,6
2023-10,bianlian,16
2023-10,blackbasta,18
2023-10,blackbyte,1
2023-10,blacksuit,2
2023-10,cactus,5
2023-10,cuba,3
2023-10,donutleaks,3
2023-10,everest,1
2023-10,hunters,2
2023-10,incransom,10
2023-10,knight,16
2023-10,lockbit3,65
2023-10,lorenz,2
2023-10,mallox,4
2023-10,medusa,19
2023-10,medusalocker,3
2023-10,moneymessage,4
2023-10,monti,8
2023-10,noescape,37
2023-10,play,42
2023-10,qilin,5
2023-10,ragnarlocker,5
2023-10,ransomed,25
2023-10,ransomexx,1
2023-10,ransomhouse,2
2023-10,rhysida,5
2023-10,snatch,5
2023-10,threeam,2
2023-10,trigona,7
2023-11,8base,35
2023-11,abyss,4
2023-11,akira,19
2023-11,alphv,53
2023-11,bianlian,13
2023-11,blackbasta,41
2023-11,blacksuit,6
2023-11,cactus,10
2023-11,ciphbit,2
2023-11,clop,6
2023-11,cuba,4
2023-11,daixin,2
2023-11,donutleaks,4
2023-11,everest,1
2023-11,hunters,17
2023-11,incransom,15
2023-11,knight,7
2023-11,lockbit3,113
2023-11,lorenz,4
2023-11,medusa,14
2023-11,medusalocker,2
2023-11,meow,9
2023-11,metaencryptor,2
2023-11,monti,5
2023-11,noescape,24
2023-11,play,49
2023-11,qilin,5
2023-11,ransomexx,2
2023-11,ransomhouse,3
2023-11,raworld,8
2023-11,rhysida,12
2023-11,snatch,9
2023-11,threeam,3
2023-12,8base,25
2023-12,abyss,1
2023-12,akira,17
2023-12,alphv,28
2023-12,bianlian,12
2023-12,blackbasta,15
2023-12,blacksuit,5
2023-12,cactus,25
2023-12,cloak,10
2023-12,clop,1
2023-12,daixin,1
2023-12,dragonforce,21
2023-12,dunghill,1
2023-12,everest,1
2023-12,hunters,6
2023-12,incransom,7
2023-12,knight,4
2023-12,lockbit3,86
2023-12,lorenz,1
2023-12,malekteam,4
2023-12,medusa,9
2023-12,meow,6
2023-12,metaencryptor,2
2023-12,monti,5
2023-12,noescape,3
2023-12,play,35
2023-12,qilin,5
2023-12,ransomexx,1
2023-12,ransomhouse,2
2023-12,ranstreet,1
2023-12,raworld,5
2023-12,raznatovic,4
2023-12,rhysida,10
2023-12,siegedsec,19
2023-12,snatch,3
2023-12,stormous,8
2023-12,threeam,4
2023-12,toufan,117
2023-12,werewolves,23
2024-01,0mega,1
2024-01,8base,29
2024-01,abyss,3
2024-01,akira,26
2024-01,alphalocker,7
2024-01,alphv,23
2024-01,bianlian,17
2024-01,blackbasta,17
2024-01,blacksuit,4
2024-01,cactus,7
2024-01,ciphbit,1
2024-01,cloak,2
2024-01,clop,2
2024-01,cuba,1
2024-01,dragonforce,1
2024-01,everest,2
2024-01,hunters,14
2024-01,incransom,9
2024-01,insane,1
2024-01,knight,4
2024-01,lockbit3,62
2024-01,malekteam,1
2024-01,medusa,11
2024-01,meow,1
2024-01,moneymessage,1
2024-01,monti,2
2024-01,noname,3
2024-01,play,3
2024-01,qilin,9
2024-01,ransomhouse,2
2024-01,raznatovic,1
2024-01,rhysida,3
2024-01,slug,1
2024-01,snatch,5
2024-01,stormous,2
2024-01,threeam,2
2024-01,trigona,9
2024-01,unsafe,3
2024-02,8base,23
2024-02,abyss,6
2024-02,akira,16
2024-02,alphalocker,1
2024-02,alphv,31
2024-02,bianlian,21
2024-02,blackbasta,24
2024-02,blackout,2
2024-02,blacksuit,5
2024-02,cactus,7
2024-02,ciphbit,1
2024-02,cloak,8
2024-02,clop,3
2024-02,cuba,1
2024-02,donutleaks,1
2024-02,dragonforce,5
2024-02,dunghill,1
2024-02,everest,2
2024-02,hunters,32
2024-02,incransom,4
2024-02,knight,6
2024-02,lockbit3,101
2024-02,medusa,13
2024-02,meow,6
2024-02,mogilevich,5
2024-02,monti,2
2024-02,play,26
2024-02,qilin,12
2024-02,ransomhouse,7
2024-02,ransomhub,4
2024-02,rhysida,4
2024-02,snatch,3
2024-02,stormous,9
2024-02,threeam,6
2024-02,trigona,4
2024-02,trisec,3
2024-02,werewolves,2
2024-03,8base,17
2024-03,abyss,5
2024-03,akira,17
2024-03,alphalocker,1
2024-03,alphv,5
2024-03,bianlian,17
2024-03,blackbasta,35
2024-03,blackbyte,1
2024-03,blacksuit,8
2024-03,cactus,10
2024-03,cloak,6
2024-03,clop,4
2024-03,donex,5
2024-03,donutleaks,2
2024-03,dragonforce,6
2024-03,everest,3
2024-03,hunters,19
2024-03,incransom,13
2024-03,killsec,5
2024-03,lockbit3,56
2024-03,mallox,3
2024-03,medusa,28
2024-03,meow,2
2024-03,mogilevich,3
2024-03,play,50
2024-03,qilin,11
2024-03,ransomhub,19
2024-03,raworld,21
2024-03,redransomware,12
2024-03,rhysida,4
2024-03,snatch,5
2024-03,stormous,10
2024-03,threeam,1
2024-03,trigona,6
2024-03,werewolves,1
2024-04,8base,25
2024-04,abyss,1
2024-04,akira,17
2024-04,alphalocker,2
2024-04,apos,4
2024-04,apt73,2
2024-04,bianlian,12
2024-04,blackbasta,20
2024-04,blackout,1
2024-04,blacksuit,24
2024-04,cactus,13
2024-04,ciphbit,4
2024-04,cloak,8
2024-04,daixin,1
2024-04,dan0n,8
2024-04,darkvault,19
2024-04,dispossessor,225
2024-04,donutleaks,1
2024-04,dragonforce,12
2024-04,dunghill,1
2024-04,embargo,2
2024-04,everest,3
2024-04,hellogookie,3
2024-04,hunters,30
2024-04,incransom,15
2024-04,killsec,1
2024-04,lockbit3,26
2024-04,malekteam,2
2024-04,mallox,1
2024-04,medusa,22
2024-04,medusalocker,1
2024-04,play,32
2024-04,qilin,12
2024-04,qiulong,6
2024-04,ransomexx,6
2024-04,ransomhouse,6
2024-04,ransomhub,26
2024-04,raworld,19
2024-04,redransomware,1
2024-04,rhysida,6
2024-04,snatch,1
2024-04,spacebears,8
2024-04,stormous,1
2024-04,threeam,1
2024-05,8base,21
2024-05,abyss,1
2024-05,akira,21
2024-05,apt73,4
2024-05,arcusmedia,11
2024-05,bianlian,14
2024-05,blackbasta,19
2024-05,blackout,1
2024-05,blacksuit,18
2024-05,cactus,7
2024-05,cloak,4
2024-05,clop,7
2024-05,dan0n,19
2024-05,darkvault,3
2024-05,dispossessor,2
2024-05,donutleaks,2
2024-05,dragonforce,13
2024-05,embargo,3
2024-05,everest,6
2024-05,flocker,8
2024-05,handala,11
2024-05,hunters,11
2024-05,incransom,39
2024-05,killsec,2
2024-05,lockbit3,173
2024-05,mallox,1
2024-05,medusa,27
2024-05,medusalocker,2
2024-05,meow,1
2024-05,metaencryptor,5
2024-05,moneymessage,1
2024-05,monti,5
2024-05,play,32
2024-05,qilin,18
2024-05,qiulong,1
2024-05,ransomhouse,11
2024-05,ransomhub,28
2024-05,raworld,5
2024-05,redransomware,2
2024-05,rhysida,6
2024-05,snatch,2
2024-05,spacebears,2
2024-05,stormous,6
2024-05,threeam,2
2024-05,underground,13
2024-05,zerotolerance,1
2024-06,8base,9
2024-06,abyss,4
2024-06,akira,20
2024-06,apt73,6
2024-06,arcusmedia,15
2024-06,bianlian,9
2024-06,blackbasta,15
2024-06,blackbyte,3
2024-06,blacksuit,18
2024-06,cactus,18
2024-06,cicada3301,4
2024-06,cloak,7
2024-06,clop,2
2024-06,daixin,1
2024-06,dan0n,2
2024-06,darkvault,10
2024-06,dragonforce,7
2024-06,eldorado,15
2024-06,embargo,1
2024-06,everest,5
2024-06,flocker,2
2024-06,handala,7
2024-06,hunters,8
2024-06,incransom,18
2024-06,lockbit3,12
2024-06,mallox,3
2024-06,medusa,17
2024-06,meow,2
2024-06,metaencryptor,1
2024-06,moneymessage,1
2024-06,monti,3
2024-06,play,35
2024-06,qilin,18
2024-06,qiulong,1
2024-06,ransomhouse,3
2024-06,ransomhub,90
2024-06,redransomware,1
2024-06,rhysida,6
2024-06,sensayq,2
2024-06,spacebears,10
2024-06,trinity,3
2024-06,underground,3
2024-07,abyss,3
2024-07,akira,30
2024-07,arcusmedia,2
2024-07,bianlian,13
2024-07,blackbasta,7
2024-07,blackbyte,2
2024-07,blackout,2
2024-07,blacksuit,12
2024-07,braincipher,5
2024-07,cactus,7
2024-07,cicada3301,6
2024-07,cloak,8
2024-07,clop,1
2024-07,daixin,1
2024-07,dan0n,1
2024-07,darkvault,4
2024-07,dispossessor,8
2024-07,donutleaks,8
2024-07,dragonforce,14
2024-07,dunghill,1
2024-07,embargo,4
2024-07,everest,5
2024-07,flocker,4
2024-07,fog,11
2024-07,handala,9
2024-07,hunters,26
2024-07,incransom,13
2024-07,killsec,3
2024-07,lockbit3,37
2024-07,lynx,2
2024-07,madliberator,9
2024-07,mallox,2
2024-07,medusa,17
2024-07,meow,17
2024-07,metaencryptor,1
2024-07,monti,3
2024-07,play,21
2024-07,qilin,10
2024-07,ransomcortex,4
2024-07,ransomexx,3
2024-07,ransomhouse,11
2024-07,ransomhub,50
2024-07,raworld,5
2024-07,rhysida,11
2024-07,spacebears,8
2024-07,stormous,2
2024-07,underground,2
2024-07,vanirgroup,3
2024-08,abyss,6
2024-08,akira,6
2024-08,alphalocker,6
2024-08,apt73,3
2024-08,bianlian,20
2024-08,blackout,1
2024-08,blacksuit,16
2024-08,braincipher,6
2024-08,cactus,5
2024-08,cicada3301,16
2024-08,ciphbit,3
2024-08,cloak,9
2024-08,dan0n,3
2024-08,darkvault,11
2024-08,dispossessor,5
2024-08,dragonforce,12
2024-08,eldorado,4
2024-08,everest,3
2024-08,flocker,2
2024-08,fog,4
2024-08,handala,5
2024-08,helldown,21
2024-08,hunters,19
2024-08,incransom,7
2024-08,killsec,15
2024-08,lockbit3,29
2024-08,lynx,21
2024-08,madliberator,4
2024-08,medusa,4
2024-08,meow,42
2024-08,metaencryptor,3
2024-08,monti,17
2024-08,play,29
2024-08,qilin,19
2024-08,ransomexx,2
2024-08,ransomhouse,2
2024-08,ransomhub,74
2024-08,raworld,1
2024-08,rhysida,18
2024-08,spacebears,3
2024-08,stormous,1
2024-08,trinity,2
2024-09,abyss,4
2024-09,akira,12
2024-09,arcusmedia,9
2024-09,bianlian,13
2024-09,blackbasta,2
2024-09,blackbyte,1
2024-09,blackout,1
2024-09,blacksuit,10
2024-09,braincipher,1
2024-09,cactus,15
2024-09,cicada3301,8
2024-09,ciphbit,1
2024-09,cloak,7
2024-09,clop,1
2024-09,dragonforce,6
2024-09,eldorado,16
2024-09,embargo,1
2024-09,everest,2
2024-09,fog,5
2024-09,handala,6
2024-09,hunters,14
2024-09,incransom,11
2024-09,killsec,13
2024-09,lockbit3,7
2024-09,lynx,6
2024-09,madliberator,2
2024-09,medusa,26
2024-09,meow,19
2024-09,monti,1
2024-09,nitrogen,6
2024-09,orca,2
2024-09,play,43
2024-09,qilin,23
2024-09,ransomexx,1
2024-09,ransomhouse,1
2024-09,ransomhub,74
2024-09,rhysida,9
2024-09,spacebears,1
2024-09,stormous,2
2024-09,threeam,7
2024-09,trinity,3
2024-09,valencialeaks,5
2024-10,8base,13
2024-10,abyss,6
2024-10,akira,10
2024-10,apos,1
2024-10,apt73,20
2024-10,arcusmedia,6
2024-10,bianlian,9
2024-10,blackbasta,12
2024-10,blacksuit,18
2024-10,braincipher,4
2024-10,cactus,7
2024-10,cicada3301,8
2024-10,ciphbit,1
2024-10,cloak,1
2024-10,clop,5
2024-10,dragonforce,5
2024-10,eldorado,20
2024-10,everest,6
2024-10,flocker,5
2024-10,fog,24
2024-10,handala,8
2024-10,hellcat,1
2024-10,hunters,23
2024-10,incransom,3
2024-10,interlock,6
2024-10,killsec,33
2024-10,lockbit3,2
2024-10,lynx,13
2024-10,madliberator,1
2024-10,medusa,17
2024-10,meow,26
2024-10,monti,7
2024-10,nitrogen,5
2024-10,orca,1
2024-10,play,53
2024-10,playboy,1
2024-10,qilin,5
2024-10,ransomhouse,5
2024-10,ransomhub,85
2024-10,raworld,10
2024-10,rhysida,6
2024-10,sarcoma,32
2024-10,spacebears,1
2024-10,stormous,10
2024-10,threeam,8
2024-10,trinity,2
2024-10,underground,2
2024-11,abyss,1
2024-11,akira,88
2024-11,apt73,15
2024-11,arcusmedia,7
2024-11,argonauts,10
2024-11,bianlian,13
2024-11,blackbasta,14
2024-11,blacksuit,21
2024-11,braincipher,2
2024-11,cactus,3
2024-11,chort,7
2024-11,ciphbit,1
2024-11,cloak,10
2024-11,darkvault,4
2024-11,dragonforce,4
2024-11,eldorado,43
2024-11,embargo,5
2024-11,everest,13
2024-11,flocker,1
2024-11,fog,20
2024-11,handala,3
2024-11,hellcat,3
2024-11,helldown,15
2024-11,hunters,24
2024-11,incransom,26
2024-11,interlock,2
2024-11,kairos,8
2024-11,killsec,33
2024-11,lockbit3,5
2024-11,lynx,28
2024-11,medusa,18
2024-11,medusalocker,1
2024-11,meow,14
2024-11,moneymessage,1
2024-11,monti,5
2024-11,play,21
2024-11,qilin,31
2024-11,ransomhouse,5
2024-11,ransomhub,100
2024-11,raworld,10
2024-11,rhysida,7
2024-11,safepay,32
2024-11,sarcoma,7
2024-11,spacebears,5
2024-11,stormous,2
2024-11,termite,6
2024-11,threeam,1
2024-11,trinity,1
2024-12,8base,11
2024-12,abyss,3
2024-12,akira,54
2024-12,apt73,15
2024-12,arcusmedia,8
2024-12,argonauts,3
2024-12,bianlian,11
2024-12,blackbasta,20
2024-12,blackout,1
2024-12,blacksuit,2
2024-12,bluebox,3
2024-12,braincipher,7
2024-12,cactus,5
2024-12,cicada3301,3
2024-12,ciphbit,1
2024-12,cloak,10
2024-12,clop,68
2024-12,darkvault,2
2024-12,dragonforce,8
2024-12,dragonransomware,39
2024-12,eldorado,8
2024-12,everest,8
2024-12,flocker,1
2024-12,fog,22
2024-12,funksec,104
2024-12,handala,4
2024-12,hellcat,3
2024-12,hunters,15
2024-12,incransom,7
2024-12,interlock,6
2024-12,kairos,6
2024-12,killsec,28
2024-12,lockbit3,5
2024-12,lynx,16
2024-12,medusa,13
2024-12,moneymessage,2
2024-12,monti,1
2024-12,nitrogen,8
2024-12,play,22
2024-12,qilin,18
2024-12,ransomhouse,1
2024-12,ransomhub,59
2024-12,raworld,13
2024-12,rhysida,5
2024-12,safepay,14
2024-12,sarcoma,9
2024-12,spacebears,4
2024-12,stormous,1
2024-12,termite,3
2024-12,threeam,2
2024-12,underground,1
2025-01,8base,25
2025-01,abyss,2
2025-01,akira,75
2025-01,apos,1
2025-01,apt73,5
2025-01,babuk2,64
2025-01,bianlian,1
2025-01,blackbasta,8
2025-01,cactus,6
2025-01,cicada3301,1
2025-01,ciphbit,1
2025-01,cloak,8
2025-01,clop,60
2025-01,darkvault,2
2025-01,dragonforce,13
2025-01,eldorado,6
2025-01,embargo,1
2025-01,everest,8
2025-01,flocker,4
2025-01,fog,11
2025-01,funksec,35
2025-01,gdlockersec,5
2025-01,handala,1
2025-01,hunters,9
2025-01,incransom,28
2025-01,kairos,6
2025-01,killsec,9
2025-01,lockbit3,9
2025-01,lynx,43
2025-01,medusa,22
2025-01,medusalocker,1
2025-01,metaencryptor,1
2025-01,moneymessage,1
2025-01,monti,8
2025-01,morpheus,3
2025-01,play,11
2025-01,qilin,23
2025-01,ransomhouse,1
2025-01,ransomhub,43
2025-01,rhysida,8
2025-01,safepay,21
2025-01,sarcoma,7
2025-01,spacebears,12
2025-01,termite,2
2025-01,threeam,3
2025-02,8base,4
2025-02,abyss,3
2025-02,akira,84
2025-02,anubis,4
2025-02,apos,1
2025-02,apt73,7
2025-02,arcusmedia,5
2025-02,bianlian,19
2025-02,cactus,36
2025-02,cicada3301,13
2025-02,ciphbit,1
2025-02,cloak,7
2025-02,clop,335
2025-02,dragonforce,6
2025-02,embargo,4
2025-02,everest,2
2025-02,flocker,11
2025-02,fog,59
2025-02,funksec,24
2025-02,handala,2
2025-02,hellcat,1
2025-02,hunters,9
2025-02,incransom,13
2025-02,interlock,2
2025-02,kairos,5
2025-02,killsec,22
2025-02,kraken,7
2025-02,linkc,1
2025-02,lockbit3,8
2025-02,lynx,39
2025-02,medusa,31
2025-02,medusalocker,2
2025-02,monti,1
2025-02,morpheus,2
2025-02,play,47
2025-02,qilin,43
2025-02,ransomhouse,3
2025-02,ransomhub,102
2025-02,rhysida,8
2025-02,runsomewares,4
2025-02,safepay,13
2025-02,sarcoma,7
2025-02,spacebears,4
2025-02,stormous,2
2025-02,termite,7
2025-02,threeam,3
2025-03,abyss,3
2025-03,akira,63
2025-03,anubis,1
2025-03,apos,3
2025-03,arcusmedia,14
2025-03,arkana,2
2025-03,babuk2,94
2025-03,bianlian,12
2025-03,blacksuit,2
2025-03,cactus,11
2025-03,chaos,4
2025-03,cicada3301,2
2025-03,cloak,5
2025-03,clop,7
2025-03,crazyhunter,10
2025-03,dragonforce,16
2025-03,embargo,2
2025-03,flocker,4
2025-03,fog,32
2025-03,frag,27
2025-03,funksec,9
2025-03,hellcat,5
2025-03,hunters,6
2025-03,incransom,30
2025-03,interlock,8
2025-03,kairos,4
2025-03,killsec,17
2025-03,kraken,1
2025-03,lockbit3,5
2025-03,lynx,31
2025-03,medusa,19
2025-03,medusalocker,1
2025-03,monti,6
2025-03,nightspire,15
2025-03,nitrogen,2
2025-03,play,29
2025-03,qilin,47
2025-03,ralord,9
2025-03,ransomexx,4
2025-03,ransomhouse,3
2025-03,ransomhub,88
2025-03,rhysida,8
2025-03,safepay,42
2025-03,sarcoma,19
2025-03,secp0,1
2025-03,skira,5
2025-03,spacebears,2
2025-03,termite,1
2025-03,trinity,7
2025-03,vanhelsing,7
2025-03,weyhro,8
2025-04,abyss,1
2025-04,akira,68
2025-04,anubis,2
2025-04,babuk2,20
2025-04,bert,3
2025-04,blacksuit,3
2025-04,chaos,2
2025-04,cicada3301,5
2025-04,cloak,6
2025-04,clop,1
2025-04,crypto24,8
2025-04,devman,14
2025-04,dragonforce,19
2025-04,dunghill,1
2025-04,flocker,1
2025-04,frag,1
2025-04,gunra,5
2025-04,hellcat,7
2025-04,hunters,17
2025-04,incransom,19
2025-04,interlock,7
2025-04,kairos,5
2025-04,killsec,20
2025-04,lockbit3,13
2025-04,lynx,31
2025-04,medusa,14
2025-04,metaencryptor,1
2025-04,morpheus,3
2025-04,nightspire,26
2025-04,nitrogen,4
2025-04,nova,16
2025-04,play,51
2025-04,qilin,75
2025-04,ralord,10
2025-04,ransomhouse,4
2025-04,rhysida,9
2025-04,runsomewares,1
2025-04,safepay,12
2025-04,sarcoma,14
2025-04,silent,4
2025-04,skira,1
2025-04,spacebears,5
2025-04,termite,3
2025-04,underground,3
2025-04,vanhelsing,1
2025-05,akira,38
2025-05,arcusmedia,8
2025-05,arkana,2
2025-05,bert,2
2025-05,blacklock,54
2025-05,blacksuit,3
2025-05,braincipher,9
2025-05,chaos,1
2025-05,ciphbit,1
2025-05,cloak,1
2025-05,clop,1
2025-05,crypto24,2
2025-05,datacarry,9
2025-05,devman,25
2025-05,direwolf,8
2025-05,dragonforce,2
2025-05,embargo,3
2025-05,everest,9
2025-05,flocker,4
2025-05,gunra,6
2025-05,hunters,5
2025-05,imncrew,8
2025-05,incransom,17
2025-05,interlock,7
2025-05,j,14
2025-05,kairos,3
2025-05,killsec,5
2025-05,kraken,1
2025-05,lockbit3,5
2025-05,lynx,13
2025-05,medusa,7
2025-05,medusalocker,2
2025-05,moneymessage,1
2025-05,monti,2
2025-05,morpheus,1
2025-05,nightspire,16
2025-05,nitrogen,1
2025-05,nova,5
2025-05,orca,1
2025-05,play,44
2025-05,qilin,57
2025-05,ransomhouse,5
2025-05,rhysida,9
2025-05,safepay,72
2025-05,sarcoma,4
2025-05,silent,1
2025-05,silentransomgroup,71
2025-05,skira,1
2025-05,spacebears,6
2025-05,stormous,16
2025-05,termite,1
2025-05,threeam,9
2025-05,weyhro,4
2025-05,worldleaks,9
2025-06,akira,37
2025-06,anubis,2
2025-06,apos,5
2025-06,arkana,2
2025-06,bert,2
2025-06,blacklock,9
2025-06,blacksuit,1
2025-06,chaos,3
2025-06,cloak,2
2025-06,crypto24,2
2025-06,datacarry,2
2025-06,devman,1
2025-06,direwolf,8
2025-06,dragonforce,26
2025-06,embargo,2
2025-06,everest,8
2025-06,flocker,5
2025-06,frag,2
2025-06,global,16
2025-06,gunra,2
2025-06,handala,23
2025-06,imncrew,1
2025-06,incransom,26
2025-06,interlock,14
2025-06,j,9
2025-06,kairos,6
2025-06,kawa4096,7
2025-06,killsec,2
2025-06,kraken,8
2025-06,lynx,22
2025-06,medusa,7
2025-06,metaencryptor,2
2025-06,nightspire,9
2025-06,nova,4
2025-06,play,30
2025-06,qilin,83
2025-06,ransomhouse,2
2025-06,rhysida,4
2025-06,safepay,27
2025-06,sarcoma,16
2025-06,silent,1
2025-06,spacebears,3
2025-06,stormous,6
2025-06,teamxxx,9
2025-06,underground,1
2025-06,walocker,1
2025-06,warlock,19
2025-06,worldleaks,22
2025-07,abyss,1
2025-07,akira,43
2025-07,arcusmedia,8
2025-07,beast,16
2025-07,blackbyte,9
2025-07,blacklock,1
2025-07,bqtlock,2
2025-07,braincipher,2
2025-07,cicada3301,8
2025-07,cloak,2
2025-07,clop,2
2025-07,crypto24,9
2025-07,d4rk4rmy,7
2025-07,devman,13
2025-07,direwolf,12
2025-07,dragonforce,22
2025-07,dunghill,1
2025-07,everest,19
2025-07,flocker,7
2025-07,global,14
2025-07,handala,11
2025-07,imncrew,1
2025-07,incransom,58
2025-07,interlock,4
2025-07,j,4
2025-07,kairos,3
2025-07,kawa4096,10
2025-07,kraken,5
2025-07,lynx,18
2025-07,medusa,5
2025-07,moneymessage,1
2025-07,nightspire,7
2025-07,nitrogen,4
2025-07,nova,10
2025-07,payoutsking,21
2025-07,play,25
2025-07,qilin,64
2025-07,rebornvc,3
2025-07,rhysida,3
2025-07,safepay,42
2025-07,sarcoma,6
2025-07,satanlockv2,4
2025-07,securotrop,11
2025-07,sinobi,4
2025-07,spacebears,2
2025-07,stormous,1
2025-07,teamxxx,2
2025-07,worldleaks,20
2025-08,akira,59
2025-08,anubis,3
2025-08,apos,1
2025-08,arcusmedia,1
2025-08,beast,14
2025-08,blacknevas,13
2025-08,bqtlock,1
2025-08,braincipher,1
2025-08,cephalus,19
2025-08,chaos,1
2025-08,cloak,5
2025-08,crypto24,4
2025-08,d4rk4rmy,11
2025-08,datacarry,1
2025-08,desolator,2
2025-08,devman,6
2025-08,direwolf,11
2025-08,dragonforce,29
2025-08,embargo,1
2025-08,everest,13
2025-08,global,2
2025-08,gunra,3
2025-08,imncrew,1
2025-08,incransom,24
2025-08,interlock,11
2025-08,j,4
2025-08,kairos,3
2025-08,killsec,2
2025-08,lynx,14
2025-08,medusa,6
2025-08,moneymessage,1
2025-08,nitrogen,2
2025-08,nova,2
2025-08,payoutsking,3
2025-08,pear,18
2025-08,play,26
2025-08,qilin,87
2025-08,ransomhouse,3
2025-08,rhysida,6
2025-08,runsomewares,1
2025-08,safepay,29
2025-08,sarcoma,4
2025-08,securotrop,2
2025-08,sinobi,22
2025-08,spacebears,4
2025-08,teamxxx,1
2025-08,underground,1
2025-08,warlock,31
2025-08,weyhro,2
2025-08,worldleaks,16
2025-09,abyss,2
2025-09,akira,54
2025-09,alphalocker,5
2025-09,anubis,3
2025-09,arcusmedia,4
2025-09,beast,4
2025-09,blacknevas,4
2025-09,blackshrantac,8
2025-09,braincipher,1
2025-09,chaos,2
2025-09,cicada3301,1
2025-09,ciphbit,3
2025-09,cloak,1
2025-09,coinbasecartel,14
2025-09,crypto24,1
2025-09,daixin,4
2025-09,datacarry,2
2025-09,desolator,2
2025-09,devman,14
2025-09,direwolf,2
2025-09,dragonforce,9
2025-09,embargo,1
2025-09,everest,11
2025-09,gunra,2
2025-09,handala,3
2025-09,imncrew,1
2025-09,incransom,52
2025-09,j,7
2025-09,kairos,4
2025-09,killsec,32
2025-09,kraken,1
2025-09,lunalock,2
2025-09,lynx,29
2025-09,medusa,4
2025-09,medusalocker,1
2025-09,nitrogen,1
2025-09,nova,4
2025-09,obscura,9
2025-09,payoutsking,2
2025-09,pear,18
2025-09,play,53
2025-09,qilin,84
2025-09,radar,8
2025-09,ransomhouse,1
2025-09,rhysida,4
2025-09,safepay,21
2025-09,sarcoma,8
2025-09,securotrop,5
2025-09,silentransomgroup,2
2025-09,sinobi,12
2025-09,spacebears,6
2025-09,termite,5
2025-09,thegentlemen,38
2025-09,warlock,11
2025-09,worldleaks,13
2025-09,yurei,3
2025-10,akira,71
2025-10,alphalocker,4
2025-10,anubis,7
2025-10,beast,7
2025-10,blacknevas,5
2025-10,blackshrantac,15
2025-10,bqtlock,2
2025-10,braincipher,5
2025-10,brotherhood,10
2025-10,chaos,8
2025-10,ciphbit,3
2025-10,cloak,2
2025-10,clop,13
2025-10,coinbasecartel,14
2025-10,crypto24,4
2025-10,devman,19
2025-10,direwolf,2
2025-10,dragonforce,17
2025-10,embargo,1
2025-10,everest,14
2025-10,genesis,12
2025-10,gunra,1
2025-10,handala,7
2025-10,incransom,34
2025-10,interlock,6
2025-10,j,1
2025-10,kairos,4
2025-10,killsec,9
2025-10,kraken,1
2025-10,kryptos,4
2025-10,lynx,14
2025-10,medusa,20
2025-10,nightspire,6
2025-10,nitrogen,1
2025-10,nova,16
2025-10,obscura,11
2025-10,payoutsking,3
2025-10,pear,7
2025-10,play,26
2025-10,qilin,210
2025-10,radar,13
2025-10,radiant,8
2025-10,ransomhouse,9
2025-10,rhysida,13
2025-10,safepay,15
2025-10,sarcoma,2
2025-10,securotrop,5
2025-10,shinyhunters,45
2025-10,silentransomgroup,2
2025-10,sinobi,72
2025-10,spacebears,6
2025-10,stormous,7
2025-10,tengu,6
2025-10,thegentlemen,10
2025-10,worldleaks,9
2025-11,akira,87
2025-11,alphalocker,4
2025-11,anubis,9
2025-11,beast,5
2025-11,benzona,5
2025-11,blackshrantac,9
2025-11,brotherhood,6
2025-11,chaos,3
2025-11,ciphbit,1
2025-11,cloak,2
2025-11,clop,98
2025-11,coinbasecartel,11
2025-11,crypto24,2
2025-11,datacarry,1
2025-11,devman,13
2025-11,direwolf,10
2025-11,dragonforce,27
2025-11,everest,13
2025-11,genesis,4
2025-11,handala,6
2025-11,incransom,53
2025-11,interlock,6
2025-11,j,2
2025-11,kazu,3
2025-11,killsec,2
2025-11,kraken,1
2025-11,kryptos,1
2025-11,lynx,2
2025-11,medusa,13
2025-11,medusalocker,1
2025-11,morpheus,1
2025-11,nightspire,15
2025-11,nitrogen,1
2025-11,nova,11
2025-11,obscura,1
2025-11,payoutsking,14
2025-11,pear,5
2025-11,play,27
2025-11,qilin,107
2025-11,radar,1
2025-11,ransomhouse,14
2025-11,rhysida,11
2025-11,safepay,14
2025-11,sarcoma,3
2025-11,securotrop,2
2025-11,silentransomgroup,3
2025-11,sinobi,23
2025-11,skira,1
2025-11,spacebears,3
2025-11,stormous,4
2025-11,tengu,2
2025-11,thegentlemen,19
2025-11,tridentlocker,8
2025-11,warlock,17
2025-11,worldleaks,10
2025-12,abyss,1
2025-12,akira,71
2025-12,anubis,10
2025-12,benzona,3
2025-12,blackshrantac,4
2025-12,brotherhood,1
2025-12,chaos,7
2025-12,ciphbit,1
2025-12,cloak,3
2025-12,clop,1
2025-12,coinbasecartel,22
2025-12,crypto24,3
2025-12,datacarry,1
2025-12,devman,47
2025-12,direwolf,6
2025-12,dragonforce,34
2025-12,embargo,1
2025-12,everest,10
2025-12,genesis,8
2025-12,gunra,1
2025-12,handala,12
2025-12,incransom,34
2025-12,interlock,8
2025-12,kairos,10
2025-12,kazu,4
2025-12,killsec,8
2025-12,lockbit3,1
2025-12,lockbit5,111
2025-12,lynx,14
2025-12,medusa,5
2025-12,minteye,5
2025-12,morpheus,2
2025-12,ms13089,2
2025-12,nightspire,8
2025-12,nitrogen,3
2025-12,nova,14
2025-12,obscura,6
2025-12,osiris,1
2025-12,pear,3
2025-12,play,22
2025-12,qilin,178
2025-12,radar,1
2025-12,ransomhouse,10
2025-12,rhysida,11
2025-12,safepay,68
2025-12,securotrop,3
2025-12,silentransomgroup,2
2025-12,sinobi,54
2025-12,spacebears,9
2025-12,stormous,4
2025-12,tengu,1
2025-12,termite,2
2025-12,thegentlemen,13
2025-12,tridentlocker,4
2025-12,worldleaks,13
2026-01,abyss,1
2026-01,akira,58
2026-01,anubis,5
2026-01,beast,7
2026-01,benzona,6
2026-01,blacknevas,1
2026-01,blackshrantac,7
2026-01,brotherhood,1
2026-01,chaos,2
2026-01,clop,46
2026-01,coinbasecartel,8
2026-01,crypto24,2
2026-01,devman,30
2026-01,direwolf,12
2026-01,dragonforce,9
2026-01,everest,21
2026-01,genesis,11
2026-01,handala,8
2026-01,incransom,45
2026-01,interlock,5
2026-01,kazu,2
2026-01,killsec,2
2026-01,lockbit5,8
2026-01,lynx,26
2026-01,medusa,1
2026-01,moneymessage,1
2026-01,morpheus,1
2026-01,ms13089,1
2026-01,nightspire,20
2026-01,nitrogen,4
2026-01,nova,8
2026-01,obscura,6
2026-01,osiris,1
2026-01,payoutsking,17
2026-01,pear,4
2026-01,play,35
2026-01,qilin,109
2026-01,ransomhouse,5
2026-01,rhysida,4
2026-01,safepay,11
2026-01,sarcoma,2
2026-01,securotrop,1
2026-01,shinyhunters,8
2026-01,sicarii,1
2026-01,sinobi,56
2026-01,tengu,28
2026-01,thegentlemen,47
2026-01,tridentlocker,1
2026-01,vect,2
2026-01,worldleaks,3
2026-02,abyss,1
2026-02,akira,47
2026-02,alphalocker,1
2026-02,anubis,11
2026-02,atomsilo,1
2026-02,beast,9
2026-02,bravox,6
2026-02,chaos,3
2026-02,ciphbit,2
2026-02,cipherforce,6
2026-02,cloak,4
2026-02,clop,79
2026-02,coinbasecartel,11
2026-02,crypto24,1
2026-02,devman,2
2026-02,dragonforce,37
2026-02,everest,13
2026-02,genesis,10
2026-02,handala,2
2026-02,incransom,42
2026-02,insomnia,25
2026-02,interlock,4
2026-02,kairos,4
2026-02,killsec,5
2026-02,kittykatkrew,2
2026-02,lockbit5,34
2026-02,lynx,10
2026-02,medusa,5
2026-02,morpheus,1
2026-02,nightspire,40
2026-02,nitrogen,3
2026-02,nova,4
2026-02,payload,2
2026-02,pear,6
2026-02,play,42
2026-02,qilin,114
2026-02,ransomhouse,5
2026-02,reynolds,1
2026-02,rhysida,6
2026-02,safepay,3
2026-02,securotrop,2
2026-02,shadowbyt3$,1
2026-02,shinyhunters,9
2026-02,silentransomgroup,8
2026-02,sinobi,18
2026-02,spacebears,10
2026-02,tengu,8
2026-02,termite,6
2026-02,thegentlemen,89
2026-02,tridentlocker,1
2026-02,vect,19
2026-02,worldleaks,6
2026-03,ailock,23
2026-03,akira,75
2026-03,alp-001,12
2026-03,anubis,8
2026-03,beast,4
2026-03,bravox,2
2026-03,chaos,6
2026-03,clop,2
2026-03,coinbasecartel,34
2026-03,crypto24,5
2026-03,dragonforce,59
2026-03,embargo,6
2026-03,everest,6
2026-03,exitium,3
2026-03,genesis,17
2026-03,handala,39
2026-03,incransom,56
2026-03,insomnia,4
2026-03,interlock,4
2026-03,kairos,4
2026-03,killsec,8
2026-03,lapsus$,10
2026-03,lockbit5,50
2026-03,lynx,5
2026-03,morpheus,1
2026-03,nightspire,63
2026-03,nitrogen,1
2026-03,nova,2
2026-03,payload,21
2026-03,pear,6
2026-03,play,46
2026-03,qilin,140
2026-03,ransomhouse,2
2026-03,rhysida,1
2026-03,safepay,8
2026-03,sarcoma,1
2026-03,securotrop,1
2026-03,shinyhunters,16
2026-03,silentransomgroup,5
2026-03,sinobi,7
2026-03,spacebears,2
2026-03,tengu,4
2026-03,termite,3
2026-03,thegentlemen,50
2026-03,tridentlocker,1
2026-03,vect,2
2026-03,worldleaks,16
2026-04,ailock,6
2026-04,akira,49
2026-04,alp-001,5
2026-04,anubis,9
2026-04,apt73,60
2026-04,auditteam,5
2026-04,aurora,7
2026-04,beast,3
2026-04,blacknevas,8
2026-04,bravox,2
2026-04,chaos,5
2026-04,coinbasecartel,48
2026-04,crypto24,3
2026-04,dragonforce,65
2026-04,everest,12
2026-04,exitium,1
2026-04,genesis,2
2026-04,gunra,16
2026-04,handala,8
2026-04,incransom,39
2026-04,insomnia,5
2026-04,interlock,3
2026-04,kairos,7
2026-04,krybit,23
2026-04,lamashtu,17
2026-04,lapsus$,4
2026-04,linkc,3
2026-04,lockbit5,39
2026-04,lynx,5
2026-04,m3rx,8
2026-04,mnt6,2
2026-04,morpheus,1
2026-04,netrunner,6
2026-04,nightspire,32
2026-04,nova,8
2026-04,orca,1
2026-04,payload,18
2026-04,payoutsking,39
2026-04,pear,8
2026-04,play,4
2026-04,qilin,108
2026-04,radar,1
2026-04,ransomexx,2
2026-04,ransomhouse,6
2026-04,rhysida,1
2026-04,safepay,10
2026-04,secp0,5
2026-04,securotrop,2
2026-04,shinyhunters,21
2026-04,silentransomgroup,14
2026-04,spacebears,3
2026-04,termite,1
2026-04,thegentlemen,86
2026-04,timc,3
2026-04,tridentlocker,1
2026-04,vect,2
2026-04,worldleaks,13
2026-05,0day syndicate,5
2026-05,abyss,1
2026-05,ailock,6
2026-05,akira,43
2026-05,anubis,3
2026-05,apt73,6
2026-05,auditteam,6
2026-05,aurora,3
2026-05,beast,1
2026-05,blackwater,5
2026-05,braincipher,12
2026-05,bravox,6
2026-05,chaos,9
2026-05,clop,2
2026-05,cmdorganization,17
2026-05,coinbasecartel,10
2026-05,dragonforce,55
2026-05,everest,15
2026-05,fulcrumsec,23
2026-05,genesis,21
2026-05,gunra,3
2026-05,icarus,1
2026-05,incransom,31
2026-05,interlock,6
2026-05,kairos,5
2026-05,killsec,3
2026-05,krybit,15
2026-05,lamashtu,15
2026-05,lapsus$,4
2026-05,leakbazaar,9
2026-05,lockbit5,10
2026-05,lynx,8
2026-05,m3rx,12
2026-05,medusalocker,16
2026-05,mnt6,1
2026-05,moneymessage,1
2026-05,morpheus,1
2026-05,ms13089,1
2026-05,nightspire,18
2026-05,nitrogen,1
2026-05,nova,25
2026-05,payload,9
2026-05,payoutsking,1
2026-05,pear,13
2026-05,play,17
2026-05,prinzeugen,2
2026-05,qilin,112
2026-05,ransomhouse,1
2026-05,rhysida,3
2026-05,safepay,29
2026-05,securotrop,1
2026-05,shadowbyt3$,7
2026-05,shinyhunters,10
2026-05,silentransomgroup,7
2026-05,sinobi,6
2026-05,spacebears,8
2026-05,stormous,9
2026-05,termite,3
2026-05,thegentlemen,90
2026-05,threeam,9
2026-05,titan,9
2026-05,worldleaks,5
2026-06,abyss,2
2026-06,ailock,4
2026-06,akira,32
2026-06,anubis,11
2026-06,apt73,5
2026-06,auditteam,4
2026-06,aurora,11
2026-06,black x,5
2026-06,blackfield,1
2026-06,blacknevas,2
2026-06,blackwater,1
2026-06,braincipher,7
2026-06,bravox,3
2026-06,chaos,6
2026-06,cloak,4
2026-06,cmdorganization,14
2026-06,coinbasecartel,5
2026-06,deadlock,10
2026-06,direwolf,4
2026-06,dragonforce,28
2026-06,embargo,2
2026-06,fulcrumsec,2
2026-06,genesis,6
2026-06,gunra,6
2026-06,icarus,11
2026-06,incransom,30
2026-06,insomnia,3
2026-06,interlock,3
2026-06,kairos,1
2026-06,killsec,2
2026-06,krybit,20
2026-06,lamashtu,2
2026-06,lapsus$,3
2026-06,lockbit5,59
2026-06,lynx,4
2026-06,m3rx,6
2026-06,morpheus,3
2026-06,nightspire,22
2026-06,nitrogen,1
2026-06,nova,28
2026-06,payload,12
2026-06,payoutsking,2
2026-06,pear,11
2026-06,play,16
2026-06,prinzeugen,3
2026-06,qilin,78
2026-06,ransomexx,1
2026-06,ransomhouse,5
2026-06,redact,2
2026-06,rhysida,1
2026-06,safepay,21
2026-06,securotrop,2
2026-06,settra,22
2026-06,shadowbyt3$,4
2026-06,shinyhunters,20
2026-06,silentransomgroup,2
2026-06,spacebears,8
2026-06,stormous,14
2026-06,termite,3
2026-06,thegentlemen,76
2026-06,threeam,14
2026-06,triple x,2
2026-06,unsafe,1
2026-06,wallstreet,1
2026-06,worldleaks,12
2026-07,ailock,7
2026-07,akira,22
2026-07,anubis,10
2026-07,apt73,9
2026-07,arcusmedia,9
2026-07,aurora,4
2026-07,black x,3
2026-07,blackfield,1
2026-07,blacknevas,4
2026-07,blackout,3
2026-07,blackwater,2
2026-07,booba project,12
2026-07,braincipher,6
2026-07,bravox,2
2026-07,chaos,15
2026-07,clop,1
2026-07,cmdorganization,12
2026-07,coinbasecartel,5
2026-07,crpxo,36
2026-07,cry0,1
2026-07,d1r,3
2026-07,deadlock,85
2026-07,doommageddon,8
2026-07,dragonforce,42
2026-07,exfilsquad,15
2026-07,gammax,2
2026-07,genesis,18
2026-07,global secret group,31
2026-07,gunra,4
2026-07,incransom,38
2026-07,insomnia,4
2026-07,interlock,7
2026-07,kairos,4
2026-07,killsec,3
2026-07,krybit,25
2026-07,kyber,1
2026-07,lockbit5,9
2026-07,m3rx,10
2026-07,medusalocker,11
2026-07,moneymessage,4
2026-07,morpheus,3
2026-07,nightspire,16
2026-07,nova,21
2026-07,payload,6
2026-07,payoutsking,4
2026-07,pear,8
2026-07,play,15
2026-07,qilin,127
2026-07,ransomhouse,3
2026-07,safepay,33
2026-07,securotrop,3
2026-07,settra,9
2026-07,shinyhunters,6
2026-07,spacebears,10
2026-07,termite,2
2026-07,thegentlemen,177
2026-07,threeam,1
2026-07,titan,6
2026-07,triple x,1
2026-07,unsafe,3
2026-07,wallstreet,4
2026-07,worldleaks,6
2026-08,abyss,1
2026-08,ailock,4
2026-08,akira,31
2026-08,anubis,8
2026-08,arcusmedia,2
2026-08,auditteam,4
2026-08,aurora,8
2026-08,barracuda,8
2026-08,beast,2
2026-08,black x,2
2026-08,blacknevas,8
2026-08,blackwater,3
2026-08,bluewhale,2
2026-08,booba project,4
2026-08,braincipher,8
2026-08,bravox,5
2026-08,chaos,8
2026-08,clop,43
2026-08,coinbasecartel,24
2026-08,crpxo,1
2026-08,cry0,1
2026-08,crypto24,1
2026-08,dark project,25
2026-08,deadlock,6
2026-08,direwolf,43
2026-08,doommageddon,2
2026-08,dragonforce,15
2026-08,dysphor1a,8
2026-08,eclipse,4
2026-08,emperador,10
2026-08,ethics,3
2026-08,everest,27
2026-08,falcon,3
2026-08,gammax,2
2026-08,genesis,6
2026-08,global,4
2026-08,global secret group,12
2026-08,gunra,3
2026-08,helix,8
2026-08,iah6477,7
2026-08,incransom,44
2026-08,insomnia,5
2026-08,interlock,4
2026-08,kairos,2
2026-08,kazu,9
2026-08,killsec,1
2026-08,krybit,36
2026-08,l group,28
2026-08,lockbit5,31
2026-08,lynx,3
2026-08,m3rx,1
2026-08,majinahanashi,19
2026-08,medusalocker,10
2026-08,metaencryptor,7
2026-08,moneymessage,1
2026-08,ms13089,1
2026-08,nightspire,8
2026-08,orion,14
2026-08,orova,45
2026-08,panzer,17
2026-08,payload,6
2026-08,payoutsking,3
2026-08,pear,9
2026-08,play,21
2026-08,qilin,164
2026-08,ransomhouse,6
2026-08,rhysida,7
2026-08,safepay,12
2026-08,securotrop,2
2026-08,settra,24
2026-08,shadowbyt3$,5
2026-08,shinyhunters,16
2026-08,silentransomgroup,20
2026-08,sovcali,1
2026-08,spacebears,7
2026-08,storm,41
2026-08,termite,1
2026-08,thegentlemen,113
2026-08,threeam,3
2026-08,titan,9
2026-08,triple x,1
2026-08,unsafe,4
2026-08,wallstreet,4
2026-08,xpl0itrs,8
2026-08,zawoo,19
2026-09,akira,36
2026-09,anubis,6
2026-09,arcusmedia,6
2026-09,auditteam,30
2026-09,aurora,6
2026-09,barracuda,4
2026-09,beast,1
2026-09,black x,1
2026-09,blacklocks,3
2026-09,blacknevas,2
2026-09,booba project,8
2026-09,braincipher,12
2026-09,bravox,2
2026-09,chaos,9
2026-09,clop,2
2026-09,cry0,2
2026-09,dark project,5
2026-09,direwolf,17
2026-09,doommageddon,4
2026-09,dragonforce,12
2026-09,dysphor1a,3
2026-09,eclipse,7
2026-09,embargo,1
2026-09,emperador,23
2026-09,endzone,5
2026-09,everest,12
2026-09,fulcrumsec,2
2026-09,gammax,3
2026-09,genesis,2
2026-09,global,2
2026-09,global secret group,5
2026-09,gunra,2
2026-09,iah6477,1
2026-09,imnotavillain,2
2026-09,incransom,29
2026-09,insomnia,6
2026-09,interlock,6
2026-09,kairos,5
2026-09,kazu,2
2026-09,killsec,1
2026-09,krybit,34
2026-09,lamashtu,10
2026-09,lockbit5,19
2026-09,m3rx,7
2026-09,majinahanashi,1
2026-09,medusalocker,13
2026-09,metaencryptor,17
2026-09,moneymessage,1
2026-09,n0n,18
2026-09,nightspire,8
2026-09,orova,2
2026-09,panzer,18
2026-09,payload,1
2026-09,payoutsking,2
2026-09,pear,8
2026-09,play,14
2026-09,qilin,74
2026-09,ransomhouse,4
2026-09,rhysida,12
2026-09,safepay,32
2026-09,secp0,1
2026-09,securotrop,2
2026-09,settra,23
2026-09,shadowbyt3$,4
2026-09,shinyhunters,7
2026-09,silentransomgroup,18
2026-09,spacebears,5
2026-09,spirals,4
2026-09,storm,37
2026-09,termite,4
2026-09,thegentlemen,105
2026-09,threeam,8
2026-09,titan,2
2026-09,tridentlocker,1
2026-09,ulose,1
2026-09,unsafe,4
2026-09,vexy ransomware,18
2026-09,wallstreet,16
2026-09,zawoo,6
2026-10,akira,9
2026-10,anubis,1
2026-10,auditteam,3
2026-10,aurora,3
2026-10,barracuda,1
2026-10,booba project,7
2026-10,byod,8
2026-10,chaos,1
2026-10,deadlock,3
2026-10,direwolf,1
2026-10,doommageddon,2
2026-10,dragonforce,2
2026-10,eclipse,2
2026-10,emperador,4
2026-10,endzone,1
2026-10,everest,5
2026-10,genesis,4
2026-10,global secret group,1
2026-10,incransom,15
2026-10,insomnia,1
2026-10,interlock,3
2026-10,kairos,1
2026-10,krybit,9
2026-10,lamashtu,4
2026-10,lockbit5,4
2026-10,medusalocker,2
2026-10,morpheus,1
2026-10,n0n,4
2026-10,netrunner,3
2026-10,nightspire,12
2026-10,panzer,4
2026-10,payoutsking,1
2026-10,play,2
2026-10,qilin,21
2026-10,ransomhouse,3
2026-10,redact,1
2026-10,rhysida,3
2026-10,runsomewares,1
2026-10,safepay,10
2026-10,scarlettgroup,1
2026-10,settra,7
2026-10,silentransomgroup,5
2026-10,spirals,1
2026-10,storm,6
2026-10,termite,1
2026-10,thegentlemen,9
2026-10,umbra,5
2026-10,vexy ransomware,1
2026-10,vypr,7
2026-10,wallstreet,3
