quarter,payment_rate_pct,median_payment_usd,average_payment_usd,source
2020-Q1,73,44021,111605,Coveware Q1 2020 report
2020-Q2,69,108365,178254,Coveware Q2 2020 report
2020-Q3,77,110532,233817,Coveware Q3 2020 report
2020-Q4,60,49450,154108,Coveware Q4 2020 report
2021-Q1,56,78398,220298,Coveware Q1 2021 report
2021-Q2,53,47008,136576,Coveware Q2 2021 report
2021-Q3,46,71674,139739,Coveware Q3 2021 report
2021-Q4,42,117116,322168,Coveware Q4 2021 report
2022-Q1,46,73906,211529,Coveware Q1 2022 report
2022-Q2,42,36360,228125,Coveware Q2 2022 report
2022-Q3,37,41987,258143,Coveware Q3 2022 report
2022-Q4,37,185972,408644,Coveware Q4 2022 report
2023-Q1,45,158076,327883,Coveware Q1 2023 report
2023-Q2,34,190424,790144,Coveware Q2 2023 report
2023-Q3,41,200000,850700,Coveware Q3 2023 report
2023-Q4,29,200000,568705,Coveware Q4 2023 report
2024-Q1,28,250000,381980,Coveware Q1 2024 report
2024-Q2,36,170000,391015,Coveware Q2 2024 report
2024-Q3,32,200000,479237,Coveware Q3 2024 report
2024-Q4,25,110890,553959,Coveware Q4 2024 report
2025-Q1,27,200000,552777,Coveware Q1 2025 report
2025-Q2,26,400000,1130070,Coveware Q2 2025 report
2025-Q3,23,140000,376941,Coveware Q3 2025 report
2025-Q4,20,325000,591988,Coveware Q3 2025 report